transaction_id,order_date,customer_id,customer_name,country,product_id,product_category,quantity,price,payment_method,order_status
T1,2026-02-08,C73,William Thomas,IN,P155,Sports,3,10.61,Debit Card,Completed
T2,2025-09-10,C141,Carlos Spencer,AU,P84,Sports,4,184.63,UPI,Completed
T3,2025-12-04,C122,Stacy Gutierrez,AU,P106,Clothing,2,236.31,Credit Card,Completed
T4,2025-09-24,C32,Aaron Nichols,DE,P185,Clothing,5,146.75,PayPal,Cancelled
T5,2025-11-16,C271,Crystal Jackson,DE,P188,Electronics,3,317.55,UPI,Completed
T6,2025-07-25,C172,Jonathan Wagner,UK,P138,Sports,5,312.32,UPI,Returned
T7,2025-05-23,C126,Lisa Brown,US,P171,Books,2,443.02,Credit Card,Cancelled
T8,2025-05-30,C48,Daniel Holloway,UK,P75,Sports,4,268.37,Credit Card,Returned
T9,2025-09-24,C32,Lydia Kemp,US,P16,Home,2,235.95,UPI,Completed
T10,2026-01-26,C271,Marie Thomas,IN,P112,Clothing,2,83.74,Debit Card,Completed
T11,2026-03-29,C104,Nicole King,US,P134,Electronics,5,366.19,Credit Card,Cancelled
T12,2026-01-13,C137,Dr. Nicholas Henson DDS,UK,P109,Home,5,262.96,Debit Card,Cancelled
T13,2025-08-26,C243,Stephanie Stone,IN,P54,Books,5,258.42,PayPal,Cancelled
T14,2025-11-09,C96,Wendy Parker,IN,P22,Electronics,4,41.24,PayPal,Cancelled
T15,2026-01-08,C227,Kenneth Hernandez,US,P106,Home,3,133.17,PayPal,Completed
T16,2025-06-24,C248,Brenda Hansen,IN,P101,Home,1,34.75,PayPal,Returned
T17,2025-06-16,C160,John Tanner,CA,P27,Clothing,5,61.28,Credit Card,Completed
T18,2025-12-29,C190,Patricia Ramirez,CA,P127,Electronics,4,467.19,UPI,Returned
T19,2025-07-17,C227,Cindy Thomas,IN,P16,Clothing,1,345.42,Debit Card,Cancelled
T20,2026-02-28,C28,Peter James,AU,P16,Clothing,2,-98.53514655721013,PayPal,Cancelled
T21,2026-03-15,C64,Stephanie Nicholson,CA,P111,Home,4,403.87,PayPal,Completed
T22,2025-05-31,C232,Tyler Whitehead,IN,P134,Clothing,2,193.12,UPI,Returned
T23,2025-07-04,C19,Rachel Hill,CA,P76,Clothing,3,40.27,Credit Card,Cancelled
T24,2026-03-06,C183,Benjamin Aguirre,AU,P103,Electronics,2,225.2,Debit Card,Returned
T25,2025-11-15,C8,Mr. Ricky Thornton MD,UK,P5,Electronics,5,111.1,Debit Card,Completed
T26,2025-05-06,C162,Catherine Wade,UK,P106,Electronics,4,106.35,UPI,Returned
T27,2026-03-02,C142,Elizabeth Wiggins,US,P36,Home,5,142.79,Credit Card,Completed
T28,2025-05-19,C286,Daniel Walsh,AU,P141,Clothing,5,494.91,UPI,Returned
T29,2026-02-25,C170,John Anderson,US,P159,Home,2,118.72,Debit Card,Completed
T30,2025-09-10,C127,Alexis Campbell,US,P184,Books,1,258.37,PayPal,Completed
T31,2025-05-31,C76,Elizabeth Clements,IN,P102,Clothing,4,126.97,UPI,Returned
T32,2026-01-16,C228,Shannon Wood,FR,P11,Clothing,5,425.25,Credit Card,Cancelled
T33,2025-07-14,C18,Katherine Cruz,US,P143,Sports,2,28.5,Credit Card,Cancelled
T34,2026-02-08,C64,Jennifer Deleon,US,P44,Clothing,5,436.97,UPI,Completed
T35,2026-01-12,C123,Jason Cobb,DE,P166,Books,2,432.71,PayPal,Returned
T36,2025-06-12,C176,Tonya Lopez,AU,P179,Home,3,451.64,Credit Card,Cancelled
T37,2026-02-14,C233,Peter Meadows,FR,P153,Electronics,3,111.92,Debit Card,Completed
T38,2025-10-03,C106,Danielle Moore,DE,P77,Books,3,183.33,UPI,Returned
T39,2025-06-05,C82,Ryan Williams,UK,P144,Home,2,370.81,Debit Card,Returned
T40,2025-05-10,C164,Jason Davis,FR,P114,Clothing,4,102.84,Credit Card,Cancelled
T41,2025-09-20,C290,Eric Gonzalez,DE,P66,Home,1,361.02,Credit Card,Completed
T42,2025-12-30,C145,Bradley Graham,US,P11,Electronics,5,317.15,UPI,Cancelled
T43,2026-01-29,C2,Henry Williams,FR,P50,Home,5,172.67,Debit Card,Completed
T44,2025-12-11,C297,Mary Sweeney,DE,P179,Sports,2,326.8,PayPal,Returned
T45,2025-11-29,C126,Benjamin Garner,UK,P185,Books,2,467.96,Debit Card,Returned
T46,2025-11-15,C11,George Vargas,FR,P192,Electronics,1,388.4,Debit Card,Cancelled
T47,2025-12-19,C216,Rebecca Fitzgerald,UK,P37,Sports,1,87.97,Credit Card,Returned
T48,2025-09-23,C133,Steven Lowery,US,P57,Clothing,2,109.12,Credit Card,Completed
T49,2025-09-20,C241,Elizabeth Rodgers DVM,UK,P10,Books,5,39.45,Credit Card,Completed
T50,2025-07-16,C277,Jillian Young,US,P74,Electronics,5,365.75,UPI,Cancelled
T51,2025-04-21,C234,Robert Garza,FR,P32,Electronics,5,344.59,PayPal,Completed
T52,2026-03-17,C51,Bryan Alexander,US,P39,Clothing,4,251.8,Debit Card,Returned
T53,2025-10-08,C81,Carol Gardner,CA,P79,Electronics,3,131.2,Debit Card,Completed
T54,2026-01-16,C271,Marcus Wu,AU,P169,Clothing,5,105.07,PayPal,Cancelled
T55,2026-01-14,C119,Christina Hicks,UK,P61,Electronics,1,348.66,Debit Card,Cancelled
T56,2025-12-13,C59,Ethan Fuller,DE,P105,Electronics,3,56.75,PayPal,Cancelled
T57,2025-10-31,C187,Sue Thompson,US,P144,Home,4,399.38,UPI,Cancelled
T58,2025-06-04,C111,Steven Christian MD,IN,P25,Sports,1,38.59,PayPal,Cancelled
T59,2026-02-14,C31,Mark Williamson,IN,P71,Home,4,353.74,Credit Card,Returned
T60,2025-12-31,C269,Brittany Robbins,FR,P41,Sports,5,195.43,UPI,Returned
T61,2026-01-04,C59,Kristina Wang,FR,P146,Home,4,118.77,UPI,Returned
T62,2025-09-15,C217,Rachel Sweeney,FR,P171,Clothing,1,16.71,UPI,Returned
T63,2025-07-25,C113,Makayla Cabrera,US,P167,Clothing,1,82.72,PayPal,Returned
T64,2025-10-17,C119,Rita Martin,CA,P155,Electronics,4,75.42,UPI,Returned
T65,2025-11-26,C264,Jason Stevens,IN,P42,Home,1,-64.17160859422239,UPI,Returned
T66,2025-09-23,C66,Andrew Hammond,US,P40,Electronics,2,267.25,Credit Card,Completed
T67,2026-03-24,C51,Nathan Clark,FR,P70,Clothing,2,407.6,Credit Card,Completed
T68,2025-05-10,C258,Kathryn Wallace,AU,P85,Electronics,5,50.18,PayPal,Completed
T69,2025-08-04,C192,Jody Bush,FR,P121,Books,1,70.75,UPI,Returned
T70,2025-07-06,C222,Ronald Roach,DE,P157,Clothing,5,29.25,Debit Card,Cancelled
T71,2025-05-06,C131,Robert Wright,US,P174,Clothing,4,234.46,UPI,Completed
T72,2026-02-28,C190,Mary Rivera,CA,P37,Books,5,455.06,Debit Card,Completed
T73,2025-07-05,C63,Andrew Brown,CA,P41,Electronics,4,191.78,UPI,Cancelled
T74,2025-09-30,C293,Krystal Olson,IN,P92,Books,1,74.19,Debit Card,Cancelled
T75,2026-01-24,C66,Darlene Lyons,FR,P67,Electronics,4,287.7,Credit Card,Cancelled
T76,2025-12-29,C10,Zachary Villa,XYZ,P14,Electronics,2,326.72,Credit Card,Returned
T77,2025-10-06,C103,Jeffery Russell,US,P136,Books,3,378.11,Debit Card,Cancelled
T78,2025-07-21,C16,Amanda Dillon,DE,P24,Sports,4,260.4,Debit Card,Returned
T79,2025-08-19,C236,Wesley Wilkerson,FR,P96,Sports,4,488.49,UPI,Cancelled
T80,2025-08-28,C173,Mary Robertson,IN,P147,Sports,2,349.71,PayPal,Completed
T81,2025-12-20,C245,Andrew Lang,US,P103,Home,4,145.41,UPI,Returned
T82,2026-04-07,C129,Angela Villarreal,US,P20,Books,5,282.75,UPI,Returned
T83,2026-03-12,C78,Courtney Valdez,DE,P132,Home,4,234.87,Debit Card,Cancelled
T84,2025-09-04,C243,Catherine Ballard,US,P23,Sports,5,429.88,Debit Card,Cancelled
T85,2025-08-19,C246,Jeremy Ross Jr.,DE,P41,Clothing,4,309.93,UPI,Cancelled
T86,2025-04-21,C216,John Hernandez,UK,P197,Books,1,391.59,UPI,Cancelled
T87,2025-09-25,C70,Rebecca Barrett,IN,P62,Home,3,109.89,PayPal,Completed
T88,2026-02-11,C300,Samantha Hill,US,P106,Sports,4,417.62,Credit Card,Completed
T89,2025-07-05,C123,David Schultz,DE,P108,Sports,3,100.25,Credit Card,Cancelled
T90,2025-04-30,C112,Julie Young,AU,P34,Clothing,3,298.43,Debit Card,Completed
T91,2025-08-28,C58,Doris Young,FR,P25,Clothing,4,486.22,Credit Card,Cancelled
T92,2025-08-18,C121,Scott Bryant,IN,P126,Books,4,327.13,Debit Card,Returned
T93,2025-12-01,C121,Jennifer Johnson,DE,P20,Books,3,351.73,Debit Card,Completed
T94,2025-12-23,C197,Heather Holt,US,P199,Sports,5,362.57,Credit Card,Returned
T95,2025-07-23,C212,Jo Harris,US,P156,Home,1,411.78,PayPal,Returned
T96,2025-05-21,C159,Caroline Hoffman,UK,P5,Clothing,4,29.05,PayPal,Returned
T97,2025-06-24,C19,Leslie Mann,US,P195,Home,3,224.16,Debit Card,Completed
T98,2025-09-18,C282,Anna Walker,US,P2,Sports,2,137.3,Debit Card,Completed
T99,2025-10-24,C124,Michael Beard,US,P158,Electronics,1,185.0,PayPal,Returned
T100,2026-04-01,C161,Gregory Williams,CA,P120,Electronics,5,88.58,PayPal,Completed
T101,2026-02-07,C5,Patrick Carlson,CA,P30,Electronics,3,409.18,Credit Card,Cancelled
T102,2025-06-29,C165,Brandi Coleman,CA,P31,Home,1,202.35,PayPal,Cancelled
T103,2025-09-30,C273,Rebecca Lucas,AU,P29,Home,4,210.33,PayPal,Completed
T104,2025-09-06,C121,Joseph Taylor,CA,P137,Sports,1,28.63,Debit Card,Completed
T105,2026-02-07,C183,Travis Pittman,CA,P18,Clothing,4,493.62,UPI,Returned
T1,2025-07-15,C107,Jennifer Steele,FR,P123,Books,1,445.09,UPI,Returned
T107,2026-04-01,C18,Patricia Hines,IN,P81,Home,4,91.42,Debit Card,Cancelled
T108,2026-02-24,C237,Brian Henry,US,P10,Books,1,293.71,UPI,Completed
T109,2025-06-26,C30,Patricia Cummings,DE,P24,Books,1,235.23,PayPal,Cancelled
T110,2025-05-19,C6,Karen Newton,CA,P171,Books,2,349.78,Credit Card,Completed
T111,2025-11-18,C134,Michael Hughes,US,P132,Home,2,405.18,Credit Card,Cancelled
T112,2025-11-23,C119,Adam Mullen,UK,P29,Clothing,5,85.73,UPI,Returned
T113,2026-01-23,C10,Isaac Barber,UK,P76,Books,1,261.4,Credit Card,Returned
T114,2025-10-10,C43,Danielle Morales,CA,P182,Clothing,1,13.05,UPI,Returned
T115,2026-01-19,C226,Erica Lane,UK,P141,Books,5,15.97,Debit Card,Completed
T116,2025-09-07,C61,Alexis Marshall DDS,FR,P32,Books,4,388.91,Credit Card,Completed
T117,2026-02-10,C144,David Waters,US,P87,Clothing,4,89.59,Debit Card,Cancelled
T118,2026-02-28,C216,Jacob Huffman,DE,P38,Sports,4,187.35,Credit Card,Completed
T119,2025-08-25,C252,Hailey Patterson,FR,P173,Home,3,88.24,PayPal,Cancelled
T120,2026-01-15,C163,Melissa Cox,DE,P23,Electronics,1,73.26,Debit Card,Completed
T121,2025-07-06,C126,Danielle Ross,DE,P187,Clothing,1,396.84,UPI,Completed
T122,2025-07-05,C155,Charles Velez,AU,P198,Sports,3,388.52,Credit Card,Completed
T123,2026-02-19,C141,Jamie Perez,AU,P7,Clothing,5,85.91,UPI,Returned
T124,2025-11-17,C85,Jessica Schneider DDS,FR,P164,Electronics,2,237.29,Credit Card,Returned
T125,2026-03-13,C199,Tara Burke,DE,P40,Books,3,29.36,UPI,Returned
T126,2026-03-27,C294,Paul Pacheco,IN,P20,Clothing,5,100.25,Debit Card,Returned
T127,2025-05-30,C209,Terrance Cunningham,CA,P97,Home,2,104.59,UPI,Cancelled
T128,2025-06-29,C197,Erik Mcdaniel,IN,P149,Books,4,137.52,UPI,Completed
T129,2025-11-30,C129,Justin Glass,IN,P37,Sports,4,300.57,Credit Card,Returned
T130,2025-08-19,C98,Richard Jackson,AU,P25,Sports,4,15.76,UPI,Completed
T131,2025-06-05,C272,Marc Ballard,US,P56,Sports,3,216.55,Credit Card,Returned
T132,2025-08-04,C84,Melissa Ellison,IN,P117,Home,3,274.42,UPI,Cancelled
T133,2025-07-08,C135,Yolanda Chase,UK,P89,Clothing,2,234.47,Debit Card,Returned
T134,2026-02-16,C40,Sara Smith,IN,P28,Sports,4,282.8,Debit Card,Cancelled
T135,2025-05-11,C297,Jamie Walsh,IN,P81,Home,2,411.58,Credit Card,Cancelled
T136,2026-03-13,C30,Thomas Rodriguez,DE,P45,Books,2,389.27,Credit Card,Cancelled
T137,2026-03-22,C8,John Morales,AU,P11,Books,5,-47.82608807084262,Credit Card,Completed
T138,2025-11-22,,Matthew Barnes,CA,P71,Electronics,3,73.23,PayPal,Returned
T139,2025-07-08,,John Ward,FR,P130,Electronics,1,126.27,Credit Card,Completed
T140,2026-01-04,C251,Paul Bell,CA,P44,Home,-2,321.07,Credit Card,Completed
T141,2025-10-06,C178,Anthony Gibson,FR,P80,Sports,1,455.24,Credit Card,Completed
T142,2026-04-10,C27,Mrs. Jamie Camacho,UK,P80,Electronics,3,378.27,Credit Card,Returned
T143,2026-02-03,C26,Benjamin Holmes,AU,P8,Electronics,2,339.05,Credit Card,Cancelled
T144,2026-02-06,C92,Larry Stevens,DE,P86,Electronics,4,488.39,Credit Card,Cancelled
T145,2026-02-23,C281,Emily Hughes,UK,P95,Clothing,4,277.17,PayPal,Cancelled
T146,2025-05-14,C254,Alexis Smith,FR,P72,Home,2,80.68,UPI,Completed
T147,2025-06-04,C204,Joel James,UK,P191,Clothing,1,90.59,Credit Card,Completed
T148,2025-10-05,C257,Jeff Gibson,AU,P15,Books,1,160.65,Debit Card,Returned
T149,2025-07-07,C243,Julia Willis,US,P107,Clothing,3,189.69,Debit Card,Completed
T150,2026-04-02,C52,Roy Sanders,UK,P12,Electronics,3,125.48,Debit Card,Completed
T151,2025-06-24,C273,Mr. Scott Jones,IN,P14,Books,2,35.26,Credit Card,Completed
T152,2026-02-15,C149,Kelly Browning,UK,P167,Books,1,467.91,Debit Card,Returned
T153,2025-08-25,C239,Chelsea Mann,CA,P8,Home,2,373.12,Debit Card,Completed
T154,2025-10-10,C34,Andrea Hill,IN,P86,Home,5,222.53,Credit Card,Completed
T155,2025-04-14,C152,Laura Dyer,FR,P172,Sports,4,199.32,Credit Card,Cancelled
T156,2026-01-16,C275,Sara Hendrix,CA,P8,Home,3,444.58,Debit Card,Completed
T157,2026-02-01,C256,Donna Trujillo,AU,P45,Clothing,3,-7.649999784610413,UPI,Cancelled
T158,2025-10-06,C109,Amanda Silva,DE,P153,Home,5,20.4,PayPal,Cancelled
T159,2025-04-30,C181,Danielle Mckinney,DE,P130,Electronics,1,216.16,UPI,Completed
T160,2026-04-06,C40,Victor Jackson,US,P61,Sports,4,309.96,Credit Card,Returned
T161,2025-06-19,C278,Christina Flores,US,P27,Home,5,10.01,UPI,Returned
T162,2025-05-22,C89,Jennifer Fox,FR,P3,Home,1,118.78,Debit Card,Cancelled
T163,2025-12-15,C54,Jennifer Sullivan,AU,P59,Books,3,15.79,PayPal,Cancelled
T164,2025-08-18,C8,Janet Jackson,FR,P179,Sports,4,361.32,Debit Card,Returned
T165,2025-08-11,C113,Lisa Chang,AU,P127,Home,2,47.29,Credit Card,Cancelled
T166,2026-01-20,C299,Reginald James,DE,P93,Clothing,4,235.49,PayPal,Completed
T167,2026-02-08,C16,Jordan Velez,CA,P17,Home,4,134.54,UPI,Returned
T168,2025-04-21,C228,Lee Vaughan,US,P175,Clothing,4,167.27,Credit Card,Cancelled
T169,2025-10-28,C38,Phillip Payne MD,FR,P140,Electronics,5,-74.04438521686184,PayPal,Cancelled
T170,2025-07-02,C216,Briana Lindsey,DE,P100,Electronics,5,151.47,UPI,Cancelled
T171,2025-04-24,C173,Ian Johnson,CA,P3,Books,1,300.92,PayPal,Cancelled
T172,2026-01-23,C275,Emily Coleman,DE,P28,Sports,2,221.03,Credit Card,Returned
T173,2025-09-02,C272,Felicia Harris,AU,P177,Electronics,5,274.94,Credit Card,Cancelled
T174,2025-08-13,C257,Pedro Arroyo,IN,P52,Electronics,3,452.12,PayPal,Cancelled
T175,2025-10-21,C172,David Clark,US,P80,Home,2,275.76,UPI,Cancelled
T176,2026-02-28,C4,Bruce Jones,DE,P70,Books,4,347.65,Credit Card,Completed
T177,2025-06-03,C82,Gina Carpenter,DE,P69,Home,3,128.87,UPI,Completed
T178,2026-04-06,C237,Michael Hull,UK,P12,Books,5,35.08,Debit Card,Returned
T179,2026-02-22,C215,Anita Richardson,UK,P6,Home,4,359.89,Credit Card,Completed
T180,2025-05-01,C155,Victor Moses,DE,P130,Books,3,40.72,UPI,Cancelled
T181,2025-12-02,C280,Stephanie Smith,US,P9,Sports,1,53.74,Credit Card,Returned
T182,2025-07-23,C175,John Ryan,CA,P179,Clothing,3,55.04,Credit Card,Cancelled
T183,2025-06-16,C168,Karen Santos,AU,P161,Clothing,1,75.61,Debit Card,Returned
T184,2025-11-13,C223,Kelly Gaines,US,P15,Sports,1,243.95,PayPal,Cancelled
T185,2026-02-20,C54,Jody Barron,CA,P13,Books,3,215.87,Debit Card,Completed
T186,2025-07-09,C288,Angelica Hanson,IN,P149,Home,5,371.26,PayPal,Completed
T187,2025-05-09,C104,Robert Werner,DE,P42,Home,4,174.83,UPI,Completed
T1,2025-06-05,C95,Michael Rollins,UK,P167,Home,3,130.68,Debit Card,Returned
T189,2025-07-17,C116,Chelsea Lowe,US,P188,Home,5,238.26,UPI,Returned
T190,2025-08-27,C152,Angela Alvarez,FR,P64,Home,1,359.87,Credit Card,Completed
T191,2026-03-19,C282,Ashley Chen,AU,P76,Clothing,3,329.83,Debit Card,Completed
T192,2026-01-20,C47,Crystal Kelly,AU,P15,Home,3,253.17,Debit Card,Returned
T193,2026-01-28,C7,William Riley,CA,P157,Home,4,91.22,PayPal,Returned
T194,2025-07-09,C125,Randall Page,US,P80,Books,3,215.29,Credit Card,Completed
T195,2025-07-31,C296,Lawrence Evans,CA,P80,Sports,3,127.59,Debit Card,Returned
T196,2026-03-02,C184,Deborah Foster,DE,P109,Clothing,3,140.9,UPI,Cancelled
T197,2025-12-13,C71,Mark Stuart,CA,P34,Home,4,126.29,PayPal,Returned
T198,2025-10-04,C185,Raymond Garcia,FR,P115,Electronics,5,108.35,PayPal,Completed
T199,2025-11-06,C143,Carlos Wilson,US,P72,Clothing,3,467.54,UPI,Returned
T200,2025-05-05,C203,Mark Duncan,IN,P13,Electronics,2,268.87,Debit Card,Returned
T201,2025-09-25,C246,Luis Sullivan,IN,P11,Sports,2,280.28,UPI,Returned
T202,2026-03-01,C238,Richard Stark,IN,P136,Books,2,305.11,PayPal,Completed
T203,2025-12-11,C47,Travis Stephenson,FR,P22,Books,1,58.86,Debit Card,Cancelled
T204,2025-06-03,C184,Christopher Coleman,US,P84,Home,3,472.65,UPI,Completed
T205,2025-05-11,C266,Kevin Blanchard,AU,P4,Sports,2,98.9,UPI,Returned
T206,2026-04-03,C2,Rebecca Moss,AU,P95,Home,1,46.57,Debit Card,Completed
T207,2025-09-11,C193,Andre Bradley,FR,P84,Electronics,1,187.23,PayPal,Cancelled
T208,2025-07-21,C164,Elizabeth Dean,IN,P117,Sports,5,481.48,UPI,Returned
T209,2025-07-19,C60,Christopher Patterson,IN,P102,Electronics,2,273.4,PayPal,Completed
T210,2025-10-13,C265,Benjamin Mills,DE,P106,Clothing,4,180.85,UPI,Cancelled
T211,2025-09-17,C15,Edward Foster,FR,P43,Sports,3,136.05,Credit Card,Returned
T212,2026-01-24,C168,John Saunders MD,CA,P94,Books,1,373.97,Credit Card,Completed
T213,2025-05-13,C282,Amy Washington,AU,P145,Books,4,481.63,PayPal,Completed
T214,2025-11-05,C163,Mackenzie Schneider,DE,P123,Books,5,72.11,Credit Card,Returned
T215,2025-07-23,C209,Mark Wilkerson,IN,P70,Books,2,401.83,PayPal,Returned
T216,2025-04-19,C35,Mr. Christopher Spencer,UK,P84,Home,3,308.69,UPI,Completed
T217,2025-04-10,C17,Tyler Reed,FR,P96,Electronics,2,23.05,Debit Card,Completed
T218,2026-03-05,C142,Crystal Saunders,UK,P153,Electronics,3,296.25,PayPal,Cancelled
T219,2025-05-23,C58,Latasha Parker,US,P99,Books,1,457.91,PayPal,Returned
T220,2025-07-17,C95,Marvin Duarte,DE,P2,Books,1,318.46,Credit Card,Returned
T221,2025-11-04,C17,Lauren Mathis,CA,P66,Sports,1,77.4,UPI,Cancelled
T222,2025-07-12,C232,Ernest Daugherty,CA,P137,Clothing,5,456.89,PayPal,Cancelled
T223,2025-04-26,C204,David Russell,FR,P52,Clothing,5,241.85,Credit Card,Completed
T224,2025-10-18,C237,Joshua Mendoza,IN,P176,Home,3,448.87,Credit Card,Returned
T225,2025-08-01,C102,Mary Pollard,CA,P90,Books,4,172.28,Credit Card,Completed
T226,2025-09-24,C118,Patrick Johnson,UK,P102,Electronics,5,245.73,Debit Card,Cancelled
T1,2025-07-07,C268,David White,CA,P14,Sports,1,41.12,Credit Card,Returned
T228,2026-01-05,C289,Devin Bailey,CA,P198,Electronics,3,497.36,Debit Card,Cancelled
T229,2025-05-11,C285,Bruce Ramirez,AU,P93,Sports,3,303.2,UPI,Returned
T230,2026-02-19,C238,James Wilson,DE,P36,Sports,3,311.18,Debit Card,Completed
T231,2025-07-26,C7,Meghan Allen,IN,P116,Books,3,40.91,Debit Card,Completed
T232,2026-02-11,C2,Jamie Smith,UK,P49,Home,3,305.31,Debit Card,Cancelled
T233,2025-05-12,C150,Nicole Burgess DDS,DE,P115,Books,3,266.08,PayPal,Cancelled
T234,2026-03-03,C94,Pamela Osborne,DE,P114,Electronics,4,48.49,Debit Card,Completed
T235,2025-06-26,C35,Jasmine Mccann,FR,P197,Clothing,3,475.53,UPI,Cancelled
T236,2025-08-26,,Joshua Randolph,AU,P200,Sports,2,252.94,PayPal,Cancelled
T237,2026-02-27,C114,Daniel Johnson,AU,P173,Home,3,80.87,UPI,Completed
T238,2026-01-18,C217,Sarah Gates,US,P158,Sports,3,498.03,Debit Card,Completed
T239,2026-02-21,C132,Michael Hughes,IN,P77,Electronics,4,232.54,UPI,Cancelled
T240,2025-12-31,C187,Tina Jefferson,DE,P194,Home,1,357.05,UPI,Cancelled
T241,2025-09-21,C113,Ashley Watson,CA,P188,Books,3,408.43,Credit Card,Cancelled
T242,2025-04-10,C145,Andrew Ray,UK,P52,Books,2,22.93,UPI,Returned
T243,2025-08-21,C81,Michelle Montes,FR,P156,Home,2,441.69,Credit Card,Cancelled
T244,2025-06-14,C241,Robert Smith,UK,P142,Home,1,162.11,PayPal,Completed
T245,2025-05-20,C241,Paul Rogers,UK,P121,Clothing,5,357.76,PayPal,Completed
T246,2026-02-07,C90,Eric Good,DE,P179,Home,4,298.94,UPI,Cancelled
T247,2026-03-28,C281,Courtney Bauer,IN,P172,Clothing,4,494.56,Debit Card,Returned
T248,2026-03-13,C300,Tracey Jones,US,P167,Books,1,177.52,PayPal,Returned
T249,2025-08-06,C178,Amanda Vaughan,FR,P56,Books,1,263.64,Debit Card,Returned
T250,2025-04-20,C162,Kyle Munoz,IN,P152,Home,4,194.04,Debit Card,Completed
T251,2025-08-16,C37,Sharon Gray,DE,P29,Electronics,4,473.08,PayPal,Cancelled
T252,2025-08-14,C207,Anthony Johnson,US,P103,Home,2,343.57,Debit Card,Completed
T1,2025-07-10,C214,Nicholas Diaz,AU,P33,Clothing,5,258.01,PayPal,Returned
T254,2025-10-30,,David Bryant,AU,P162,Electronics,3,470.16,PayPal,Returned
T255,2025-07-13,C178,Robert Hall,AU,P109,Sports,3,288.33,PayPal,Cancelled
T1,2026-03-12,C27,Jeffrey Hammond,AU,P80,Books,4,430.21,UPI,Completed
T257,2025-11-26,C251,Mary Jones,FR,P180,Home,2,66.51,UPI,Completed
T258,2025-05-18,C106,Carol Woodward,FR,P89,Clothing,3,107.9,Credit Card,Returned
T259,2025-09-30,C265,Erik Johnson,IN,P153,Clothing,2,352.72,PayPal,Completed
T260,2025-10-10,C161,Aaron Joseph,DE,P103,Electronics,4,332.34,Credit Card,Completed
T261,2026-03-11,C51,Samuel Hernandez,DE,P176,Clothing,3,422.73,Credit Card,Completed
T262,2025-10-02,C275,Samantha James,US,P111,Electronics,5,248.83,UPI,Completed
T263,2025-10-27,C263,Jordan Hunter,CA,P120,Books,3,212.71,UPI,Cancelled
T264,2026-01-02,C27,David Hernandez,DE,P23,Electronics,5,174.07,Debit Card,Cancelled
T265,2025-09-30,C115,Traci Jones,AU,P29,Electronics,3,60.54,Credit Card,Cancelled
T1,2025-11-27,C9,Clayton Potts,AU,P19,Electronics,3,419.48,UPI,Cancelled
T267,2026-03-08,C22,Ryan Franco,DE,P177,Electronics,1,54.07,Debit Card,Cancelled
T268,2025-07-31,C57,Brittany Gross,CA,P125,Books,3,376.83,Credit Card,Cancelled
T269,2026-02-18,C144,Katie Wilson,CA,P170,Electronics,3,-29.52866591654835,UPI,Cancelled
T270,2025-04-11,C55,Susan Aguilar,CA,P42,Electronics,1,455.56,PayPal,Returned
T271,2025-04-25,C203,Martin Lamb,DE,P90,Books,4,296.94,Debit Card,Completed
T272,2026-01-25,C18,Christopher Harding,CA,P101,Sports,1,-67.45294592823788,PayPal,Returned
T273,2025-07-28,C194,Howard Cummings,CA,P71,Electronics,3,30.4,PayPal,Completed
T274,2025-05-05,C191,Jonathan Ryan,DE,P178,Home,5,106.62,Credit Card,Returned
T275,2025-07-18,C299,Leah Bennett,CA,P72,Electronics,3,119.41,UPI,Completed
T276,2025-05-11,C97,Jennifer Becker,UK,P130,Sports,5,141.09,UPI,Completed
T277,2025-08-28,C214,Jennifer Liu,FR,P11,Sports,4,186.19,PayPal,Returned
T278,2025-04-19,C72,Joseph Odonnell,CA,P83,Books,4,327.59,Debit Card,Completed
T279,2025-07-06,C74,Gloria Nunez,CA,P48,Home,1,491.13,UPI,Returned
T280,2026-02-26,C106,Andrew Hudson DVM,DE,P111,Electronics,1,46.22,Debit Card,Completed
T281,2025-08-05,C102,Jackson Gilmore,FR,P42,Clothing,2,245.07,Debit Card,Cancelled
T282,2025-12-01,C219,Amy Jackson,AU,P200,Books,2,69.43,UPI,Returned
T283,2025-08-24,C12,Jamie Richardson,CA,P71,Books,4,16.29,PayPal,Cancelled
T284,2025-05-01,C267,Jonathan Campbell,AU,P101,Home,4,72.16,Credit Card,Completed
T285,2025-07-18,C57,Jennifer Mitchell,IN,P193,Electronics,1,114.91,Debit Card,Returned
T286,2025-10-09,C275,Valerie Martin,FR,P151,Home,4,312.97,Debit Card,Cancelled
T287,2025-08-29,C271,Brian Campbell,FR,P29,Books,5,142.65,Debit Card,Completed
T288,2026-04-06,C131,Lauren Graves,UK,P134,Electronics,-2,119.49,Debit Card,Cancelled
T289,2025-08-23,C183,Nicole Collins,FR,P75,Books,5,-10.146272170730674,UPI,Completed
T290,2025-06-07,C70,Tyler Irwin,IN,P12,Clothing,3,267.23,Debit Card,Cancelled
T291,2025-09-26,C117,Steven Ruiz,DE,P155,Sports,4,357.81,Credit Card,Completed
T292,2025-10-08,C153,Jeffery Thomas,AU,P74,Clothing,2,109.87,Credit Card,Returned
T293,2026-03-12,C174,Mr. Gregory Hill,FR,P19,Books,5,292.88,Debit Card,Cancelled
T294,2025-08-07,C143,Philip Long,AU,P14,Home,3,143.67,Credit Card,Completed
T295,2025-10-08,C88,Theresa Morgan,UK,P28,Home,5,468.23,Credit Card,Returned
T296,2025-10-21,C115,Brittany White,FR,P145,Home,5,321.94,UPI,Cancelled
T297,2025-08-13,C244,Paula Hayden,CA,P89,Home,2,50.28,Debit Card,Completed
T298,2025-12-07,C278,Kelly West,IN,P110,Books,1,43.44,PayPal,Completed
T299,2025-05-28,C253,Mr. Logan Roberts,IN,P192,Books,4,464.36,Debit Card,Returned
T300,2025-07-15,C236,Nicholas Johnson MD,UK,P28,Sports,5,444.26,UPI,Returned
T301,2026-02-13,C36,Stephanie Sanchez,AU,P190,Sports,2,72.36,UPI,Cancelled
T302,2025-11-25,C158,Oscar Mcclure,AU,P126,Books,2,472.49,UPI,Completed
T303,2025-06-21,C185,Carolyn Bonilla,US,P133,Electronics,3,462.55,PayPal,Returned
T304,2025-12-29,C163,Tony Townsend,FR,P164,Home,3,13.29,UPI,Cancelled
T305,2025-09-12,C102,Teresa Kennedy,US,P91,Books,2,284.12,UPI,Returned
T306,2025-11-05,C140,Natalie Mcbride,US,P131,Electronics,3,102.17,PayPal,Returned
T307,2025-06-23,C73,Dawn Mcconnell,US,P147,Sports,5,13.21,Debit Card,Cancelled
T308,2025-05-20,C130,Meghan Patterson,IN,P67,Electronics,4,134.07,Credit Card,Completed
T309,2025-12-08,C130,Michelle Brock,CA,P41,Electronics,5,138.91,PayPal,Completed
T310,2025-07-09,C98,John Harrison,IN,P160,Sports,2,255.01,Debit Card,Completed
T311,2026-02-04,C78,Joseph Brown,IN,P112,Sports,5,130.45,PayPal,Returned
T312,2026-04-05,C258,Kayla Sawyer,FR,P169,Clothing,1,316.58,PayPal,Returned
T313,2025-10-28,C232,Jill Wood,FR,P72,Electronics,4,250.5,Credit Card,Completed
T314,2025-09-17,C260,Donald Evans,DE,P21,Clothing,3,370.53,PayPal,Cancelled
T315,2025-05-23,C270,Alexander Elliott,UK,P91,Electronics,2,166.08,PayPal,Returned
T316,2026-03-26,C90,Jeremy Richardson,IN,P146,Clothing,-1,241.91,Credit Card,Cancelled
T317,2026-01-11,C249,Susan Pena,AU,P130,Home,5,107.14,UPI,Returned
T318,2025-12-21,C24,Paula Campbell,FR,P161,Books,5,293.89,PayPal,Completed
T319,2025-12-15,C127,Dillon Robinson,AU,P87,Home,1,71.18,Credit Card,Cancelled
T320,2025-04-26,C131,Barbara Smith,IN,P171,Sports,4,401.33,UPI,Cancelled
T321,2025-07-28,C84,Walter Mcintyre,IN,P3,Electronics,3,61.4,UPI,Completed
T322,2025-12-03,C64,Adam Proctor,IN,P132,Clothing,3,196.25,UPI,Returned
T323,2025-05-18,C170,Christopher Wang,US,P91,Electronics,4,224.16,PayPal,Cancelled
T324,2025-08-04,C70,Mark Hayes,UK,P63,Home,4,209.07,UPI,Returned
T325,2025-08-05,C274,Joseph Miller,FR,P196,Electronics,3,271.19,Credit Card,Returned
T326,2026-01-25,C98,John Jennings,US,P8,Electronics,5,404.56,Debit Card,Completed
T327,2026-03-06,C73,Tammy Stewart,UK,P93,Electronics,3,470.55,Debit Card,Cancelled
T328,2025-08-08,C286,Sheri Murillo,FR,P141,Home,3,123.0,Debit Card,Completed
T329,2025-12-04,C23,Sheila Mcintyre,IN,P48,Electronics,5,-27.505465520259637,UPI,Completed
T330,2025-06-05,C254,George Russell,UK,P127,Home,5,181.52,Debit Card,Returned
T331,2025-05-06,C194,Jennifer Brooks,DE,P7,Sports,-3,331.18,PayPal,Cancelled
T332,2026-01-12,C170,Lisa Ortiz,IN,P153,Sports,4,454.97,Debit Card,Cancelled
T333,2025-07-04,C55,Richard Johns,DE,P87,Books,5,178.99,UPI,Returned
T334,2025-07-10,C124,Amanda Bryant,AU,P46,Books,4,456.93,Debit Card,Returned
T335,2026-01-31,C61,Brian Hoffman MD,CA,P147,Home,4,339.66,UPI,Returned
T336,2025-10-05,C272,George Flores,UK,P69,Books,3,276.17,UPI,Cancelled
T337,2025-04-21,C76,Steven King,CA,P197,Home,5,394.83,Credit Card,Cancelled
T338,2025-12-09,C68,Bridget Davis,XYZ,P166,Home,5,31.13,PayPal,Completed
T339,2025-09-18,C250,Larry Knight,US,P193,Home,3,327.02,Debit Card,Returned
T340,2025-06-27,C10,Janet Gibson,DE,P137,Sports,5,433.54,Credit Card,Returned
T341,2025-05-12,C248,Jeffrey Rodriguez,CA,P149,Clothing,1,359.3,Debit Card,Returned
T342,2025-11-07,C57,Wesley Williams,CA,P98,Electronics,1,198.82,PayPal,Returned
T343,2025-11-24,C110,Chad Ritter,CA,P123,Electronics,1,375.23,Credit Card,Cancelled
T344,2026-03-05,C124,Gerald Diaz,CA,P98,Clothing,1,130.91,PayPal,Completed
T345,2025-07-17,C90,Candice Bishop,AU,P196,Home,1,113.62,PayPal,Completed
T346,2026-02-18,,Sarah Acosta,AU,P189,Books,4,257.1,Credit Card,Returned
T347,2025-10-14,C238,Leah Jimenez,UK,P129,Home,3,307.15,PayPal,Cancelled
T348,2025-08-25,C142,Shirley Rodriguez,IN,P183,Home,2,470.93,PayPal,Cancelled
T349,2025-09-24,C282,Judith Terry,UK,P49,Clothing,2,243.08,Credit Card,Cancelled
T350,2025-04-26,C281,Steven Benson,CA,P72,Home,1,124.16,PayPal,Returned
T351,2026-03-28,C128,Meghan Bailey,AU,P7,Home,4,286.82,UPI,Cancelled
T1,2025-12-02,C268,Leonard Cantu,FR,P113,Books,1,409.58,PayPal,Returned
T353,2025-07-01,C260,Lisa Butler,FR,P110,Sports,2,296.86,Debit Card,Returned
T354,2025-11-07,C167,Dr. John Powell,IN,P82,Sports,5,366.93,Credit Card,Returned
T355,2025-12-18,C117,Lisa Ellis,US,P143,Clothing,5,262.56,UPI,Cancelled
T356,2025-08-04,C82,Melissa Washington,CA,P97,Clothing,1,37.89,PayPal,Cancelled
T357,2025-05-16,C249,Virginia Hall,US,P36,Electronics,3,197.18,UPI,Cancelled
T358,2026-03-30,C211,Tracy Crawford,CA,P70,Electronics,1,406.32,UPI,Cancelled
T359,2026-02-15,C111,Michael Anderson,CA,P118,Clothing,1,224.89,PayPal,Returned
T360,2025-04-25,C73,Victoria Black,FR,P95,Sports,4,396.76,UPI,Returned
T361,2025-12-17,C106,Cheryl Graham,AU,P35,Sports,-1,152.45,PayPal,Cancelled
T362,2026-01-03,C205,Michele Shaw,UK,P104,Sports,5,345.6,PayPal,Returned
T363,2025-11-26,C205,Craig Davis,IN,P50,Electronics,5,475.09,Credit Card,Returned
T364,2026-05-11 23:10:14.079383,C20,Angie White,CA,P144,Home,5,428.8,UPI,Returned
T365,2026-01-11,C74,Kathy Rose,DE,P99,Clothing,4,226.98,UPI,Returned
T366,2026-01-18,C93,Tanya Wise,CA,P142,Books,1,462.39,UPI,Returned
T367,2025-04-29,C168,Travis Dunlap,UK,P126,Home,2,376.0,PayPal,Returned
T368,2025-04-11,C215,Sarah Wolfe,US,P61,Clothing,2,82.13,UPI,Completed
T369,2026-01-07,C68,Bradley White,DE,P47,Sports,5,104.51,Credit Card,Returned
T370,2026-03-01,C35,Sara Williams,US,P132,Electronics,5,86.99,PayPal,Completed
T371,2025-12-10,C162,William Smith,DE,P23,Electronics,5,460.57,Credit Card,Completed
T372,2025-05-03,C246,David Frank,DE,P24,Electronics,5,107.47,UPI,Cancelled
T373,2026-02-09,C168,Alexander Parker,AU,P37,Electronics,2,292.32,Credit Card,Completed
T374,2025-05-21,C47,Carol Flores,FR,P66,Electronics,4,117.64,UPI,Returned
T375,2025-05-01,C229,Brian Stone,IN,P48,Clothing,1,221.47,PayPal,Cancelled
T376,2025-06-23,C287,Sandra Cross,CA,P134,Clothing,2,92.1,Debit Card,Completed
T377,2026-02-20,C112,James Jones,UK,P81,Sports,4,81.07,Debit Card,Returned
T378,2025-09-13,C273,Tracey Banks,DE,P18,Electronics,5,174.82,UPI,Completed
T379,2025-08-31,C194,Richard Harper,AU,P94,Sports,3,443.22,UPI,Returned
T380,2026-01-22,C120,Mrs. Tina Parker,UK,P43,Home,3,231.23,PayPal,Cancelled
T381,2025-12-04,C159,James Harding,AU,P171,Clothing,4,250.46,UPI,Returned
T382,2026-03-12,C255,Jessica Martin,UK,P159,Electronics,5,26.38,Credit Card,Completed
T383,2025-10-04,C46,Melissa Frank,UK,P28,Home,5,203.05,UPI,Completed
T384,2025-06-05,C248,Mitchell Kelly,IN,P139,Books,1,154.38,PayPal,Completed
T385,2025-11-12,C84,Mr. Michael Hatfield,UK,P184,Books,5,402.7,Credit Card,Cancelled
T386,2026-03-08,C204,Anthony Walker,FR,P95,Books,4,249.89,PayPal,Returned
T387,2025-12-13,C274,Cassandra Robles,AU,P74,Books,5,24.08,Credit Card,Returned
T388,2026-01-06,C297,Amanda Herring,AU,P36,Electronics,5,28.33,Debit Card,Cancelled
T389,2025-11-01,C48,Nathan Lara,DE,P92,Electronics,1,188.62,Credit Card,Cancelled
T390,2025-12-19,C156,Daniel Bass,IN,P92,Books,3,-56.56981291251793,Debit Card,Cancelled
T391,2025-11-01,C239,Jessica Mitchell,US,P180,Sports,5,143.32,UPI,Returned
T392,2025-12-08,C108,Nicholas Mercado,UK,P148,Sports,4,281.35,Credit Card,Returned
T393,2025-09-20,C125,Ronald Brown,IN,P89,Electronics,1,200.16,PayPal,Cancelled
T1,2025-11-18,C24,Christopher Black,CA,P165,Electronics,-4,469.07,Credit Card,Returned
T395,2025-12-09,C99,Kathleen Gonzalez,FR,P76,Clothing,1,419.68,UPI,Cancelled
T396,2025-05-01,C226,Tracy Barrett,AU,P43,Home,5,236.27,Debit Card,Completed
T397,2025-10-19,C137,Jonathan Baxter,IN,P187,Home,4,74.28,PayPal,Returned
T398,2025-12-09,C175,Darrell Hartman,UK,P182,Clothing,5,209.33,Credit Card,Returned
T399,2025-09-25,C205,Tamara Lee,AU,P12,Home,3,315.24,Debit Card,Cancelled
T400,2026-02-24,C97,Charles Melendez,CA,P43,Clothing,3,298.04,Credit Card,Cancelled
T401,2025-10-08,C36,Wayne Ray,IN,P8,Books,1,331.8,Debit Card,Returned
T402,2026-01-29,C243,Rebecca Williams,US,P82,Electronics,2,427.24,Debit Card,Cancelled
T403,2026-01-11,C66,Sarah Walter,DE,P110,Clothing,1,394.52,PayPal,Returned
T404,2026-01-02,C291,Margaret Hill,CA,P23,Sports,2,145.93,Debit Card,Returned
T405,2025-08-29,C244,Edward Reynolds,US,P90,Electronics,4,145.09,UPI,Completed
T406,2026-02-26,C132,Ruth Parker,AU,P27,Books,2,29.54,Credit Card,Returned
T407,2025-05-18,C211,Cynthia Murphy,DE,P80,Books,3,36.62,Debit Card,Completed
T408,2025-07-14,C199,Anita Snyder,UK,P153,Books,1,246.4,Credit Card,Cancelled
T409,2025-05-21,C167,Danielle Johnson,DE,P73,Electronics,5,367.17,UPI,Completed
T410,2025-08-28,C56,Elizabeth Smith,FR,P28,Books,3,252.11,PayPal,Returned
T411,2025-05-16,C272,Charles Perez MD,DE,P175,Clothing,3,155.75,UPI,Cancelled
T412,2025-06-29,C209,Autumn Roy,FR,P22,Books,4,229.28,PayPal,Cancelled
T413,2026-05-11 23:10:14.079383,C7,Emily Gibson,UK,P99,Home,1,393.59,Credit Card,Returned
T414,2025-04-25,C206,Jennifer May,DE,P98,Sports,3,349.63,UPI,Cancelled
T415,2025-09-08,C207,Danielle Webb,IN,P132,Books,1,276.66,Credit Card,Returned
T416,2025-04-28,C66,Melissa Kerr,US,P152,Sports,2,298.06,Debit Card,Cancelled
T417,2025-08-07,C184,Karen Reid,AU,P77,Clothing,3,219.07,Credit Card,Completed
T418,2026-03-27,C60,Mrs. Jessica Clark DDS,US,P163,Books,3,448.59,PayPal,Returned
T419,2025-07-15,C202,Regina Herrera,AU,P71,Clothing,4,347.01,PayPal,Returned
T420,2025-07-11,C22,Crystal Ford,UK,P177,Books,3,103.95,PayPal,Cancelled
T421,2025-10-20,C120,Tommy James,IN,P137,Electronics,4,462.22,UPI,Returned
T422,2025-08-25,C260,Cody Gonzalez,FR,P149,Books,2,90.53,Debit Card,Returned
T423,2026-01-09,C245,Melvin Brooks,AU,P185,Electronics,4,258.19,Credit Card,Returned
T424,2026-02-17,C269,Brianna Miller,UK,P188,Clothing,1,217.78,UPI,Completed
T425,2026-03-08,C231,Jennifer Anderson,FR,P161,Sports,1,420.88,Debit Card,Cancelled
T426,2025-11-19,C115,Heidi Lewis,DE,P85,Home,4,237.23,UPI,Returned
T427,2025-07-20,C192,Mr. Roger Roberts,US,P188,Books,3,130.47,UPI,Completed
T428,2025-11-02,C203,Jennifer Goodman,US,P85,Electronics,1,248.98,PayPal,Returned
T429,2025-10-15,C163,Elizabeth Rodriguez,CA,P153,Sports,4,28.58,PayPal,Cancelled
T430,2025-08-19,C291,Antonio Torres,AU,P76,Clothing,1,28.6,Credit Card,Cancelled
T431,2025-11-26,C249,Andrea Ortiz,UK,P134,Books,2,298.38,UPI,Cancelled
T432,2025-06-24,C244,James Watkins,IN,P105,Electronics,4,367.75,Credit Card,Completed
T433,2025-05-18,C243,David Robinson,US,P98,Clothing,1,184.33,UPI,Cancelled
T434,2026-04-03,C61,Jessica Brown,CA,P32,Electronics,2,332.51,UPI,Cancelled
T435,2025-10-18,C81,Laurie Acevedo,DE,P65,Home,1,436.76,PayPal,Completed
T436,2026-01-30,C20,Brent Taylor,CA,P28,Electronics,-1,258.31,Debit Card,Cancelled
T437,2025-12-25,C198,Rhonda Johnson,CA,P103,Clothing,1,451.19,Credit Card,Cancelled
T438,2025-11-07,C55,Cristina Mitchell,UK,P174,Sports,2,-2.575225386596994,Debit Card,Returned
T439,2025-11-21,C270,Anne Johnson,US,P83,Books,3,257.45,Debit Card,Returned
T440,2025-12-09,C229,Lance Lewis,UK,P75,Clothing,3,324.17,Debit Card,Returned
T441,2025-11-06,C252,Kimberly Montgomery MD,XYZ,P197,Electronics,4,94.56,PayPal,Returned
T442,2025-11-04,C57,Heather Garcia,IN,P195,Home,3,205.75,Credit Card,Returned
T443,2025-09-07,C296,Emily Martinez,DE,P14,Sports,5,109.65,UPI,Completed
T444,2026-03-27,C291,Michelle Hanson,UK,P100,Books,2,278.67,PayPal,Completed
T445,2026-02-04,C90,Christopher Brown,AU,P183,Electronics,2,495.26,Credit Card,Returned
T446,2025-06-23,C239,Kenneth Copeland,AU,P63,Electronics,5,342.42,UPI,Cancelled
T447,2025-12-21,C121,Brenda Welch,DE,P33,Electronics,5,64.31,Credit Card,Completed
T448,2025-07-18,C277,Bradley Walls,AU,P104,Clothing,2,310.06,UPI,Returned
T449,2026-01-26,C79,Scott Sanchez,XYZ,P58,Electronics,2,261.2,UPI,Returned
T450,2025-05-21,C106,Brian Wright,DE,P23,Sports,3,444.35,PayPal,Returned
T451,2025-08-10,C168,Melissa Shaffer,IN,P33,Electronics,1,220.59,UPI,Completed
T452,2025-12-27,C47,Jason Brown,FR,P141,Clothing,5,372.66,Debit Card,Cancelled
T453,2025-12-26,C188,Brandon Mitchell,CA,P198,Sports,5,382.59,Credit Card,Cancelled
T454,2025-09-22,C182,Kathleen Smith,CA,P194,Home,3,203.91,PayPal,Cancelled
T455,2026-03-17,C16,Alejandra Jackson,FR,P25,Sports,2,128.5,PayPal,Completed
T456,2025-10-26,C64,John Thornton,DE,P191,Home,5,133.38,Credit Card,Returned
T457,2025-07-17,C21,Robert Holloway,UK,P88,Clothing,2,70.13,PayPal,Cancelled
T458,2025-10-15,C154,Louis Stein,DE,P95,Sports,-1,388.13,PayPal,Cancelled
T459,2025-10-28,C116,Ann Jacobson,IN,P39,Clothing,1,316.45,UPI,Completed
T460,2026-04-09,C62,Tyler Obrien,FR,P103,Clothing,3,41.23,Credit Card,Returned
T461,2025-11-10,C90,Jennifer Todd,IN,P126,Clothing,4,162.05,Debit Card,Completed
T462,2025-09-12,C120,Danielle Martinez,DE,P87,Clothing,3,468.21,PayPal,Cancelled
T463,2025-11-04,C204,Benjamin Rodgers,DE,P20,Electronics,5,125.79,UPI,Returned
T464,2025-08-22,C274,Andrea Stevens,IN,P176,Electronics,5,52.6,Credit Card,Completed
T465,2026-02-05,C83,Valerie Romero,CA,P65,Electronics,3,320.89,UPI,Completed
T466,2026-03-11,C7,Stacy Franklin,AU,P31,Clothing,4,109.19,UPI,Cancelled
T467,2025-12-12,C88,Savannah Tucker,AU,P109,Sports,4,13.61,Credit Card,Returned
T468,2026-01-15,C148,Sheryl Becker,DE,P128,Electronics,1,27.07,PayPal,Cancelled
T469,2025-11-26,C262,Jessica Miranda,IN,P124,Clothing,3,469.67,UPI,Returned
T470,2026-04-03,C94,Jason Moon,UK,P178,Clothing,5,227.77,PayPal,Cancelled
T471,2026-02-27,C299,Laura Taylor,DE,P92,Sports,5,17.0,UPI,Returned
T472,2026-01-12,C102,Kristen Ibarra,CA,P102,Home,3,481.62,UPI,Cancelled
T473,2025-11-20,C287,Julie Mcmillan,US,P128,Clothing,5,65.09,Credit Card,Completed
T474,2025-11-06,C12,Monica Hanson,DE,P199,Electronics,4,416.12,Credit Card,Cancelled
T475,2025-05-21,C160,Derek Armstrong,IN,P99,Books,5,389.42,UPI,Returned
T476,2025-06-13,C77,Michele Orozco,FR,P28,Books,5,282.92,PayPal,Cancelled
T477,2025-11-02,C248,Daniel Williams,IN,P81,Books,2,317.22,Debit Card,Completed
T478,2026-03-22,C180,Tyler Taylor,DE,P65,Electronics,4,411.39,UPI,Cancelled
T479,2025-09-14,C177,Eric White,IN,P168,Books,3,465.2,Credit Card,Returned
T480,2025-11-18,C241,Carrie Harris,US,P71,Books,3,464.34,Debit Card,Returned
T481,2025-10-19,C193,Samuel Pratt,UK,P78,Home,4,11.47,Credit Card,Completed
T482,2025-08-14,C291,Karen James,US,P142,Clothing,4,141.73,Debit Card,Completed
T483,2025-10-12,C208,Kristin Matthews,FR,P181,Books,5,139.02,UPI,Completed
T484,2025-07-28,C3,Brian Garcia,FR,P89,Clothing,1,498.79,Credit Card,Returned
T485,2026-03-11,C150,Kevin Perry,CA,P148,Electronics,4,258.25,PayPal,Returned
T486,2025-11-05,C98,Michelle Tran,AU,P37,Sports,5,12.52,Credit Card,Completed
T487,2026-01-30,C286,Stephanie Foster,US,P162,Sports,2,373.54,UPI,Completed
T488,2025-06-03,C36,Sandra Lucas,DE,P47,Home,2,86.18,Debit Card,Returned
T489,2025-07-02,C232,Sarah Porter,UK,P189,Clothing,5,371.19,UPI,Returned
T490,2025-09-15,C151,Jessica Brown,UK,P57,Books,4,435.36,Credit Card,Cancelled
T491,2025-09-24,C174,Jennifer Gomez,IN,P45,Books,1,39.74,Debit Card,Returned
T492,2025-07-24,C106,Joshua Oneal,AU,P167,Clothing,1,160.93,Credit Card,Cancelled
T493,2025-12-11,C18,Justin Farmer,IN,P172,Clothing,2,396.36,PayPal,Cancelled
T494,2026-02-20,C84,Jacob Roberts,CA,P122,Clothing,1,163.06,PayPal,Completed
T495,2026-01-19,C113,Elizabeth Smith,AU,P177,Clothing,5,316.39,Debit Card,Returned
T496,2025-09-14,C19,Erica Jimenez,US,P130,Clothing,1,31.45,PayPal,Completed
T497,2025-08-31,C256,Amanda Mercer,DE,P74,Books,4,156.44,PayPal,Completed
T498,2025-10-31,C103,Ricky Mclaughlin,FR,P45,Home,5,464.8,PayPal,Completed
T499,2025-07-22,C151,Bridget Edwards,AU,P172,Home,1,224.16,PayPal,Cancelled
T500,2025-07-17,C269,Mary Rodriguez MD,DE,P99,Electronics,4,345.14,UPI,Cancelled
T501,2025-06-23,C26,Julie Morales,CA,P185,Sports,5,322.29,Debit Card,Cancelled
T502,2025-06-01,C217,Jennifer Foley,CA,P41,Home,2,318.08,Debit Card,Cancelled
T503,2025-04-15,C174,Kenneth Horne,AU,P5,Electronics,5,205.8,Debit Card,Cancelled
T504,2025-11-23,C151,Amy Cooper MD,FR,P196,Home,1,28.61,UPI,Cancelled
T505,2025-09-21,C208,Bradley Moore,DE,P33,Sports,3,116.43,Debit Card,Returned
T506,2025-06-02,C190,Eric Davis,CA,P69,Clothing,2,485.53,Credit Card,Completed
T507,2025-11-04,C191,Philip Davis,IN,P198,Books,2,358.66,Credit Card,Completed
T508,2025-12-16,C125,Dr. Donna Johnson,US,P67,Home,1,392.94,Credit Card,Returned
T509,2026-01-06,C33,Diane Hernandez,CA,P135,Clothing,3,94.92,Credit Card,Cancelled
T510,2026-01-10,C141,Anthony Wilson,FR,P112,Books,1,409.91,UPI,Returned
T511,2026-02-24,C107,Julia Mitchell,UK,P115,Home,5,192.13,Debit Card,Cancelled
T512,2025-06-13,C62,Allen Bryant,US,P197,Electronics,3,492.69,UPI,Returned
T513,2025-08-30,C228,Craig Li,CA,P185,Sports,5,211.37,UPI,Completed
T514,2025-08-06,C130,Alexis Wright,CA,P30,Sports,4,188.27,Credit Card,Cancelled
T515,2025-11-04,C197,Jacob Johnson,UK,P46,Home,4,464.75,UPI,Completed
T516,2025-12-11,C164,John Marshall,CA,P7,Sports,4,151.94,Debit Card,Returned
T517,2025-10-24,C268,Joseph Rodriguez,FR,P1,Home,4,38.96,UPI,Completed
T518,2025-09-12,C245,Johnny Porter,IN,P28,Books,5,321.72,Credit Card,Cancelled
T519,2026-03-19,C138,Ryan Thompson,IN,P62,Books,3,103.29,UPI,Completed
T520,2025-04-17,C199,Samantha Soto,CA,P98,Electronics,2,152.63,UPI,Returned
T521,2025-07-09,C264,Miss Sherry Gallegos MD,UK,P93,Sports,1,129.29,PayPal,Completed
T522,2025-06-11,C48,Jesus Marquez,CA,P107,Electronics,3,334.09,Credit Card,Completed
T523,2026-02-14,C133,Jonathan Reid,IN,P135,Sports,5,92.91,PayPal,Returned
T524,2025-06-08,C60,Denise Green,UK,P33,Electronics,4,225.27,Credit Card,Completed
T525,2026-02-10,C112,Jonathan Wright,UK,P30,Clothing,2,153.82,PayPal,Completed
T526,2026-03-08,C198,Angela Hart,UK,P90,Clothing,5,132.08,PayPal,Completed
T527,2026-02-15,C222,Kayla Robbins,US,P37,Electronics,3,97.11,Credit Card,Cancelled
T528,2025-11-08,C22,Laura Soto,US,P159,Sports,3,94.88,Debit Card,Cancelled
T529,2025-04-15,C55,Dawn Thomas,UK,P169,Sports,5,394.01,PayPal,Returned
T530,2025-08-12,C116,Melissa Barnes,UK,P122,Books,4,376.21,Debit Card,Completed
T531,2025-12-02,C141,Sydney Schultz,UK,P145,Clothing,5,203.34,PayPal,Cancelled
T532,2025-12-27,C143,Suzanne Rivera,FR,P91,Books,5,140.01,Credit Card,Completed
T533,2026-01-29,C226,Jesse Sanchez,US,P76,Clothing,2,269.81,Credit Card,Returned
T534,2025-07-15,C47,Michael Fuller,AU,P9,Sports,1,131.95,Credit Card,Completed
T535,2026-05-11 23:10:14.079383,C183,Debra Lewis,UK,P194,Home,3,483.12,UPI,Cancelled
T536,2026-04-06,C128,Christopher Bush,CA,P85,Sports,3,45.55,Credit Card,Returned
T537,2025-04-28,C24,Kendra Diaz,IN,P37,Sports,1,329.63,PayPal,Cancelled
T538,2025-05-03,C80,Elizabeth Herrera,IN,P30,Home,4,464.82,UPI,Returned
T539,2025-07-09,C78,Lauren Rodgers,AU,P58,Electronics,5,356.1,UPI,Completed
T540,2025-07-23,C270,Joshua Hogan,IN,P39,Clothing,4,381.6,Debit Card,Cancelled
T541,2025-05-14,C190,Megan Gonzalez,CA,P46,Sports,2,495.58,Debit Card,Returned
T542,2026-01-18,C134,Sarah Cameron,CA,P19,Home,5,98.67,Credit Card,Completed
T543,2025-09-23,C135,Joseph Hamilton,US,P125,Books,1,-58.75510700250256,Debit Card,Returned
T544,2026-02-19,C144,Eric Larson,FR,P172,Sports,3,237.32,UPI,Returned
T545,2025-08-31,C156,Dennis Mueller,UK,P158,Home,1,473.92,Credit Card,Completed
T546,2025-10-29,C17,Bobby Morrow,UK,P151,Clothing,3,247.82,Debit Card,Cancelled
T547,2025-08-16,C17,Manuel Schneider,IN,P130,Home,1,282.77,Debit Card,Completed
T548,2026-02-21,C231,Edwin Shaffer,US,P142,Clothing,5,432.69,PayPal,Completed
T549,2026-02-07,C142,Dakota Davis,DE,P60,Books,3,324.78,UPI,Completed
T550,2025-12-09,C5,Darrell Stone,DE,P29,Home,5,232.34,UPI,Completed
T551,2025-07-05,C288,Kelly Harris,FR,P101,Electronics,4,492.04,Credit Card,Returned
T552,2025-08-20,C40,Anthony Waters,CA,P197,Books,4,462.99,Debit Card,Returned
T553,2025-09-19,C18,Adam Campos,DE,P160,Clothing,2,85.67,Credit Card,Completed
T554,2026-04-02,C221,Mrs. Shannon Thompson,UK,P83,Sports,4,78.55,Debit Card,Cancelled
T555,2025-08-13,C122,Jessica Bridges,US,P95,Sports,3,135.5,UPI,Completed
T556,2025-06-24,C246,Erik Fields,CA,P152,Clothing,3,199.14,PayPal,Returned
T557,2026-02-18,C177,Sarah Allen,FR,P125,Electronics,5,70.74,Credit Card,Returned
T558,2026-04-04,C222,Robert Alvarado,IN,P190,Clothing,5,267.3,Debit Card,Cancelled
T559,2025-10-31,C273,Mark Phillips,DE,P27,Books,3,438.17,PayPal,Returned
T560,2026-01-07,C200,Alexandra Rivera,FR,P40,Sports,2,430.76,PayPal,Cancelled
T561,2025-05-07,C196,Jennifer Burton,UK,P133,Clothing,3,67.66,Debit Card,Cancelled
T562,2026-03-04,C38,Vincent Watson,AU,P186,Books,4,97.76,Credit Card,Cancelled
T563,2026-03-10,C203,Kim Miller,AU,P122,Home,3,359.0,PayPal,Returned
T564,2026-02-20,C98,Ryan Olson,US,P62,Books,4,152.25,PayPal,Completed
T565,2026-03-09,C123,Tammy Ortiz,FR,P193,Home,4,326.62,Credit Card,Completed
T566,2026-04-08,C233,Kathleen Hall,DE,P15,Clothing,2,137.83,Credit Card,Cancelled
T567,2025-09-16,C268,Robert Johnson,CA,P115,Books,1,424.88,PayPal,Cancelled
T568,2025-08-18,C239,Kristin Martin,IN,P44,Books,5,475.77,Debit Card,Completed
T569,2026-02-03,C187,Thomas Harris,AU,P126,Clothing,1,372.91,Credit Card,Cancelled
T570,2025-05-12,C148,Joseph Hall,FR,P149,Home,5,412.74,Credit Card,Returned
T571,2026-03-21,C123,Jennifer Wilson,IN,P3,Books,5,175.94,PayPal,Returned
T572,2025-08-18,C138,Dr. Heather Gregory,UK,P5,Clothing,4,132.31,PayPal,Completed
T573,2025-09-16,C299,Leslie Stanley,FR,P142,Home,1,95.54,Credit Card,Cancelled
T574,2026-03-23,C100,Donna Jackson,DE,P52,Home,4,114.97,Credit Card,Cancelled
T575,2026-05-11 23:10:14.079383,C14,Nancy Arnold,US,P75,Home,5,119.95,Credit Card,Completed
T576,2025-09-09,C260,Lawrence Newton,CA,P139,Sports,4,290.3,Credit Card,Cancelled
T577,2026-01-07,C61,Erica Johnson,IN,P82,Electronics,1,281.63,Credit Card,Cancelled
T578,2026-02-28,C191,Maurice Hays,US,P79,Electronics,5,28.09,Debit Card,Cancelled
T579,2026-03-26,C60,Tanya Mcclure,AU,P197,Home,1,168.59,UPI,Returned
T580,2025-07-07,C141,Cynthia Wilson,US,P179,Clothing,5,461.95,UPI,Returned
T581,2025-08-08,C205,Tracy Mason,IN,P93,Electronics,5,375.08,UPI,Completed
T582,2026-03-16,C147,Christopher Moore,UK,P194,Books,1,192.56,PayPal,Returned
T583,2025-08-11,C19,Michelle Black,UK,P136,Electronics,3,241.68,Debit Card,Returned
T584,2025-08-04,C48,Jack Braun,DE,P27,Sports,1,35.27,Debit Card,Cancelled
T585,2026-03-21,C21,Peter Ho,FR,P5,Home,2,279.11,UPI,Returned
T586,2025-12-03,C273,Deborah Wright,AU,P125,Electronics,3,42.34,PayPal,Completed
T587,2025-06-14,C71,Scott Sims,US,P104,Sports,1,420.26,Credit Card,Cancelled
T588,2025-08-30,C204,Justin Taylor,UK,P73,Books,5,46.6,Credit Card,Returned
T589,2025-04-26,C26,Ryan Williams,US,P26,Home,5,210.61,UPI,Completed
T590,2025-07-02,C169,Carlos Gallegos,AU,P114,Home,5,12.29,UPI,Completed
T591,2026-03-13,C26,Theresa Evans,CA,P3,Clothing,1,94.54,Credit Card,Cancelled
T592,2025-08-14,C152,James Bailey,AU,P127,Home,4,263.89,Debit Card,Cancelled
T593,2025-06-11,C259,Lindsey Shah,AU,P125,Electronics,2,270.09,Credit Card,Cancelled
T594,2025-07-14,C179,Jimmy Murphy,DE,P71,Clothing,1,484.34,Debit Card,Completed
T595,2025-04-30,C295,Cathy Bryant,AU,P149,Clothing,4,305.37,PayPal,Completed
T596,2026-02-26,C21,Travis Wilcox,IN,P105,Sports,3,288.38,UPI,Completed
T597,2025-10-11,C270,Donald Allen,AU,P47,Home,4,153.52,PayPal,Returned
T598,2026-02-15,C86,John Cline,US,P29,Clothing,4,295.82,UPI,Cancelled
T599,2025-11-22,C5,Stephen Valenzuela,US,P189,Books,1,415.98,Debit Card,Returned
T600,2025-07-10,C69,Michael Williamson,UK,P70,Books,4,272.37,PayPal,Completed
T601,2025-12-12,C134,Jason Harmon,FR,P150,Electronics,5,381.84,Debit Card,Returned
T602,2025-04-28,C133,Jesus Schwartz,IN,P180,Home,4,476.95,Credit Card,Completed
T603,2025-07-28,C49,Brandon Harris,DE,P193,Home,-2,183.43,Credit Card,Returned
T604,2026-02-22,C147,Timothy Wright,US,P30,Books,1,240.01,UPI,Returned
T605,2025-09-10,C155,James Goodwin,US,P42,Clothing,4,389.78,UPI,Completed
T606,2025-10-24,C262,Aaron Martin,FR,P3,Home,3,26.74,Credit Card,Returned
T607,2025-09-30,C221,Sean Wright Jr.,DE,P99,Home,1,59.56,PayPal,Completed
T608,2025-10-25,C63,Adam Johnson,FR,P200,Home,4,187.67,Credit Card,Returned
T609,2026-01-29,C242,Laura Mccarthy,US,P119,Sports,2,100.64,Debit Card,Returned
T610,2025-10-11,C102,Diamond Taylor,DE,P122,Books,4,460.48,Debit Card,Cancelled
T611,2026-02-08,C160,Stephanie Baxter,CA,P106,Books,2,10.95,Debit Card,Returned
T612,2026-02-12,C253,Amy Gomez PhD,AU,P127,Books,2,47.77,Credit Card,Completed
T613,2025-09-20,C281,William Sandoval,FR,P161,Books,4,416.19,PayPal,Returned
T614,2026-02-07,C143,Kimberly Clark,UK,P144,Sports,2,96.66,Credit Card,Returned
T615,2025-06-06,C117,Tanya Harrington,UK,P109,Sports,2,134.14,Debit Card,Completed
T616,2025-08-19,C136,David Luna,CA,P159,Books,2,243.48,Debit Card,Completed
T617,2025-05-14,C147,Amy Brown,CA,P177,Sports,3,358.6,UPI,Returned
T618,2026-01-19,C3,William Stanley,UK,P6,Books,4,202.37,Debit Card,Returned
T619,2025-07-07,C256,Dawn Stone,DE,P67,Clothing,4,367.18,Debit Card,Returned
T620,2026-03-17,C10,John Austin DDS,US,P69,Sports,3,284.95,PayPal,Returned
T621,2026-04-10,C153,John Roberts,FR,P153,Books,3,89.24,Credit Card,Cancelled
T622,2026-01-26,C91,Julia Hernandez,IN,P42,Home,1,245.64,PayPal,Completed
T623,2025-11-02,C12,Jill Salazar,UK,P21,Electronics,5,492.61,Credit Card,Returned
T624,2025-08-15,C6,Rachel Johnston,UK,P93,Books,5,155.98,PayPal,Completed
T625,2025-09-10,C256,Lori Davila,UK,P109,Sports,2,368.21,Debit Card,Cancelled
T626,2025-10-11,C168,Kyle Clark,FR,P108,Sports,5,260.37,UPI,Cancelled
T627,2025-08-02,C20,Roberto Thomas,UK,P129,Clothing,5,392.34,Debit Card,Returned
T628,2025-11-12,C109,Joseph Hughes,FR,P177,Sports,2,496.63,UPI,Returned
T1,2025-12-11,C94,George Blackwell,DE,P171,Books,4,91.59,Debit Card,Returned
T630,2025-12-18,C179,Johnny Lewis,IN,P107,Electronics,4,419.61,UPI,Completed
T631,2025-07-03,C295,Angela Russell,US,P123,Electronics,5,216.81,PayPal,Cancelled
T632,2026-02-10,C279,Andrew Brooks,AU,P177,Sports,3,307.45,Debit Card,Completed
T633,2025-08-01,C101,Jonathan Walker,CA,P121,Electronics,4,496.31,UPI,Completed
T634,2025-06-08,C234,Jimmy Shepherd,IN,P40,Sports,2,71.92,Credit Card,Completed
T635,2026-05-11 23:10:14.079383,C47,Johnny Johnson,XYZ,P111,Electronics,2,471.43,Credit Card,Cancelled
T636,2025-10-15,C153,Kathy Young,FR,P129,Home,4,98.29,PayPal,Completed
T637,2026-02-03,C38,Rachel Taylor,IN,P86,Books,2,426.82,UPI,Cancelled
T638,2025-09-12,C130,Jacob Dodson,IN,P200,Clothing,4,152.48,Debit Card,Completed
T639,2026-02-04,C242,Tina Garcia,UK,P132,Books,5,253.61,Debit Card,Cancelled
T640,2025-07-13,C116,Eric Cameron,US,P181,Sports,3,289.05,Debit Card,Cancelled
T641,2026-05-11 23:10:14.079383,C270,Donald Armstrong,IN,P171,Clothing,4,160.07,Debit Card,Completed
T642,2025-05-27,C263,Edward Carrillo,CA,P131,Books,1,380.61,Credit Card,Cancelled
T643,2025-10-27,C231,Gregory Jackson,US,P184,Electronics,2,370.54,PayPal,Completed
T644,2026-01-28,C267,Kim Austin,IN,P140,Clothing,2,215.7,Debit Card,Completed
T645,2026-02-08,C101,Shannon King,DE,P83,Home,4,310.84,Debit Card,Completed
T646,2026-03-13,C175,Steven Ortiz,FR,P99,Electronics,4,280.0,PayPal,Returned
T647,2026-03-02,C260,Mary Davis,UK,P130,Electronics,2,103.2,PayPal,Cancelled
T648,2025-10-02,C131,Justin Williams,DE,P142,Books,5,55.94,UPI,Completed
T649,2026-02-11,C284,Juan Bradshaw,UK,P107,Sports,4,462.89,Credit Card,Returned
T650,2025-07-19,C269,Jennifer Murphy,DE,P147,Clothing,1,14.19,PayPal,Completed
T651,2025-04-21,C138,Latoya Payne,CA,P118,Clothing,5,488.68,Credit Card,Cancelled
T652,2026-04-10,C132,Juan Jackson,CA,P113,Clothing,3,221.55,Debit Card,Cancelled
T653,2025-09-04,C277,Amber Acosta,IN,P72,Electronics,5,322.76,PayPal,Returned
T654,2025-04-13,C165,Randall Rosario,AU,P101,Home,4,142.9,Debit Card,Cancelled
T655,2025-06-11,C37,Brenda Rivers,IN,P154,Clothing,3,275.65,Credit Card,Cancelled
T656,2025-12-03,C136,Jason Tyler,AU,P9,Electronics,3,235.03,Credit Card,Completed
T657,2025-11-29,C20,Shawn Lopez,FR,P78,Electronics,2,311.56,PayPal,Returned
T658,2025-09-15,C214,Matthew Martin,DE,P94,Clothing,4,63.62,PayPal,Completed
T659,2025-07-10,C285,James Robinson,FR,P124,Electronics,5,119.48,PayPal,Cancelled
T660,2025-04-27,C224,Donald Baker,FR,P71,Home,5,112.39,Credit Card,Cancelled
T661,2025-05-19,C103,Martin Robinson,CA,P13,Sports,3,164.66,Debit Card,Cancelled
T662,2025-07-01,C263,Amy Tucker,CA,P66,Electronics,1,305.85,PayPal,Completed
T663,2026-02-02,C219,Gavin Cooke,AU,P122,Clothing,5,167.68,Credit Card,Completed
T664,2026-01-05,C144,Matthew Davidson,AU,P12,Clothing,3,99.31,Credit Card,Returned
T665,2026-02-09,C98,Jennifer Rojas,DE,P148,Clothing,1,329.23,UPI,Cancelled
T666,2025-09-08,C192,Shawn Jennings,AU,P24,Sports,4,444.75,PayPal,Returned
T667,2026-04-08,C43,Billy House,IN,P189,Home,-4,350.83,UPI,Completed
T668,2026-04-07,C283,Scott Shaffer,US,P142,Clothing,4,350.85,Debit Card,Returned
T669,2026-02-10,C172,Stefanie Duffy,CA,P94,Clothing,3,197.49,UPI,Cancelled
T670,2025-07-09,C272,Angel Gonzalez,UK,P67,Electronics,2,314.32,UPI,Cancelled
T671,2025-10-21,C175,Juan Price,UK,P82,Sports,1,249.96,UPI,Returned
T672,2026-02-04,C141,Kayla Estrada,DE,P130,Books,3,368.02,Credit Card,Cancelled
T673,2025-08-25,C197,Tara Davis,FR,P37,Home,1,92.49,Credit Card,Cancelled
T674,2025-05-30,C212,Chad Bishop,CA,P47,Sports,3,356.85,PayPal,Cancelled
T675,2026-02-07,C45,Julia Green,US,P98,Clothing,5,16.99,PayPal,Cancelled
T676,2026-02-25,C50,Karen Wright,IN,P158,Home,3,379.1,UPI,Cancelled
T677,2025-12-29,C225,Savannah Walters,AU,P12,Sports,1,14.04,UPI,Completed
T678,2025-08-24,C70,Katherine Watson,IN,P148,Home,5,173.7,Debit Card,Completed
T679,2025-10-02,C240,Tristan Gonzalez,UK,P199,Sports,2,453.73,Debit Card,Returned
T680,2026-01-04,C260,Jennifer Clements,CA,P61,Electronics,4,72.68,Credit Card,Returned
T681,2025-07-18,C129,Ryan Campbell,XYZ,P37,Books,5,340.13,Credit Card,Returned
T682,2025-07-18,C205,Beth Banks,UK,P130,Clothing,4,459.81,Debit Card,Returned
T683,2025-11-08,C178,Courtney Moore,IN,P166,Electronics,2,66.44,PayPal,Cancelled
T684,2026-01-03,C163,Mrs. Mackenzie Wang,AU,P72,Sports,2,320.3,PayPal,Cancelled
T685,2025-12-10,C155,Christian Jenkins,UK,P107,Sports,3,51.84,Debit Card,Cancelled
T686,2026-03-03,C163,Douglas White,US,P152,Clothing,3,26.36,Debit Card,Returned
T687,2025-04-23,C178,Christy Carter,DE,P90,Home,3,122.58,Debit Card,Completed
T688,2026-03-20,C157,Mr. Mark Vang,US,P194,Electronics,2,433.23,Debit Card,Completed
T689,2025-10-13,C236,James Johnson,US,P100,Clothing,4,51.89,Debit Card,Returned
T690,2025-08-13,C298,Madeline Vance,FR,P60,Home,1,45.27,UPI,Returned
T691,2026-04-05,C247,Tyler Perkins,IN,P5,Books,3,171.02,Debit Card,Completed
T692,2026-03-11,C103,Nicholas Silva,US,P87,Electronics,4,296.19,Debit Card,Cancelled
T693,2025-06-11,C234,Jimmy Cantu,FR,P140,Electronics,5,331.81,Debit Card,Cancelled
T694,2026-02-26,C80,Jeffrey Olson,FR,P166,Sports,3,449.65,Debit Card,Completed
T695,2025-12-06,C162,Michael Harris,XYZ,P141,Electronics,1,242.26,Credit Card,Cancelled
T696,2025-10-13,C57,Shannon Johnson,FR,P65,Sports,2,363.7,UPI,Returned
T697,2025-11-08,C74,Luis Walker,AU,P143,Clothing,1,103.73,PayPal,Cancelled
T698,2026-01-25,C127,Andrew Brown,DE,P57,Clothing,1,345.23,UPI,Completed
T699,2025-12-11,C102,Kenneth Byrd,DE,P117,Sports,2,161.71,Debit Card,Completed
T700,2026-01-30,C73,Michael Moore,IN,P184,Clothing,5,187.97,PayPal,Completed
T701,2026-02-19,C38,Karen Perry,IN,P67,Electronics,3,448.22,Credit Card,Returned
T702,2026-02-14,C118,Bobby Jensen,IN,P173,Sports,3,141.56,PayPal,Returned
T703,2026-05-11 23:10:14.079383,C35,Carla Hayden,UK,P197,Home,2,81.26,Credit Card,Completed
T1,2026-03-11,C141,Derek Nguyen,IN,P147,Books,4,452.68,PayPal,Cancelled
T705,2025-10-16,C61,Joseph White,FR,P160,Books,4,30.0,UPI,Completed
T706,2025-08-20,C127,Brandon Bailey,FR,P57,Home,1,459.65,PayPal,Completed
T707,2025-12-18,C5,Jason Henry,DE,P99,Electronics,4,268.41,PayPal,Cancelled
T708,2026-03-07,C61,Regina Mitchell,US,P32,Electronics,2,477.51,Credit Card,Cancelled
T709,2025-12-29,C255,Joseph Brown,FR,P61,Books,2,183.29,UPI,Returned
T710,2025-10-22,C97,Jasmine Hall,UK,P160,Home,5,223.09,Debit Card,Returned
T711,2026-03-03,C283,Tracy Nelson,AU,P22,Home,4,453.24,UPI,Returned
T712,2025-09-16,C288,Thomas Travis,DE,P9,Sports,5,198.75,Debit Card,Cancelled
T713,2025-10-14,C193,Jill Edwards,DE,P99,Clothing,3,258.82,Debit Card,Completed
T714,2025-12-27,C79,John Guerra,CA,P178,Books,4,415.69,Debit Card,Cancelled
T715,2025-10-10,C132,Richard Santiago,FR,P107,Clothing,4,334.58,Credit Card,Completed
T716,2026-01-14,C15,Ashley Martinez,UK,P197,Books,2,311.29,Credit Card,Returned
T717,2026-01-02,C80,Martin Evans,UK,P176,Sports,1,395.1,Credit Card,Returned
T718,2025-12-03,C224,Caroline Jarvis,DE,P101,Clothing,4,448.04,Debit Card,Returned
T719,2025-07-14,C222,Mary Ferguson,UK,P151,Clothing,2,275.89,Debit Card,Returned
T720,2025-04-15,C33,Heather Evans MD,FR,P64,Sports,1,444.89,PayPal,Completed
T721,2025-04-13,C86,John Foster,DE,P41,Clothing,4,242.35,Debit Card,Cancelled
T722,2025-07-03,C117,Tanner Bradford,FR,P63,Clothing,5,384.15,PayPal,Returned
T723,2025-05-11,C7,Karen Bradley,UK,P178,Books,5,181.85,UPI,Completed
T724,2025-09-05,C102,Dr. Stephanie Hernandez,DE,P115,Electronics,2,409.5,PayPal,Returned
T725,2026-02-18,C254,Melissa Aguilar,AU,P155,Sports,3,385.71,PayPal,Completed
T726,2025-11-21,C44,Elizabeth Parker,FR,P89,Clothing,2,55.95,Debit Card,Completed
T727,2025-06-19,C90,Rebecca Clark,FR,P99,Home,3,413.48,UPI,Returned
T728,2025-12-27,C82,Christopher Chan,DE,P145,Books,2,260.45,Credit Card,Completed
T729,2025-11-26,C198,Taylor Cross,DE,P19,Clothing,5,170.28,UPI,Completed
T730,2025-06-24,C197,Kara Navarro,FR,P161,Clothing,5,123.71,Credit Card,Completed
T731,2026-02-16,C16,Dr. Eric Carter,FR,P128,Electronics,5,137.36,UPI,Completed
T732,2025-11-03,C19,Jessica Welch,CA,P43,Sports,4,329.71,Debit Card,Completed
T733,2026-03-27,C272,Kimberly Scott,CA,P45,Electronics,2,487.44,Debit Card,Completed
T734,2025-11-03,C72,David Roth,FR,P102,Electronics,3,409.16,UPI,Completed
T735,2025-07-25,C297,Jonathan Smith,AU,P160,Home,5,363.03,PayPal,Cancelled
T736,2026-01-11,C64,Laura Johnson,AU,P59,Home,3,86.82,Debit Card,Completed
T737,2026-03-02,C253,Kaitlyn Fleming,UK,P44,Books,2,40.81,Credit Card,Cancelled
T738,2025-09-19,C174,Thomas Bowers,IN,P68,Electronics,5,132.48,Credit Card,Cancelled
T1,2025-09-15,C144,Nicholas Cruz,DE,P16,Sports,2,178.59,Credit Card,Returned
T740,2026-03-11,C236,Kristy Burgess,CA,P61,Sports,5,151.8,Credit Card,Cancelled
T741,2025-10-25,C208,Rodney Padilla,IN,P154,Books,3,231.77,UPI,Completed
T1,2025-08-18,C166,Eric Klein,DE,P134,Electronics,3,340.6,Debit Card,Cancelled
T743,2025-09-01,C229,Thomas Cox,CA,P44,Books,4,24.1,UPI,Completed
T744,2025-08-31,C146,Frank Adams,IN,P96,Clothing,-1,404.93,Debit Card,Returned
T745,2026-02-11,C40,Mark Smith,UK,P160,Sports,4,116.03,Debit Card,Returned
T746,2025-11-21,C108,Pamela Pugh,UK,P23,Home,1,408.11,UPI,Returned
T747,2026-04-04,C174,Lisa Wagner,IN,P27,Clothing,5,297.37,Credit Card,Cancelled
T748,2026-01-14,C284,Alexis Howell,UK,P169,Electronics,3,224.7,UPI,Completed
T749,2025-12-09,C88,Aaron Owens,DE,P125,Books,4,363.15,PayPal,Completed
T750,2026-02-11,C191,Jill Roberts MD,IN,P186,Home,3,288.87,UPI,Returned
T751,2025-06-26,C298,Jose Page,UK,P71,Electronics,1,376.77,PayPal,Cancelled
T752,2026-01-17,C269,Jason Beck,US,P3,Sports,-3,230.72,Debit Card,Returned
T753,2025-09-09,C111,Kimberly Sanders,US,P168,Sports,1,229.13,Credit Card,Returned
T754,2025-12-29,C88,James Sanchez,AU,P21,Books,4,196.32,Debit Card,Completed
T755,2025-04-15,C169,Pamela Jenkins,CA,P127,Clothing,2,426.38,Credit Card,Cancelled
T756,2026-01-09,C11,Timothy Adkins,DE,P52,Books,4,232.23,PayPal,Returned
T757,2025-12-30,C122,Larry Maldonado,DE,P52,Electronics,2,193.71,Debit Card,Completed
T758,2025-08-26,C266,Jeff Greer,US,P1,Sports,3,372.76,UPI,Cancelled
T759,2025-09-12,C159,Russell Price,US,P123,Clothing,5,186.27,PayPal,Completed
T760,2026-03-28,C187,Connor Harrington,AU,P100,Electronics,4,470.18,Credit Card,Completed
T761,2026-03-12,C89,Jonathon Fleming,FR,P66,Electronics,2,300.93,Credit Card,Returned
T762,2025-05-02,C158,Jamie Briggs,UK,P96,Sports,1,114.05,Debit Card,Returned
T763,2025-06-08,C228,Allen Oneal,AU,P96,Electronics,3,63.08,Credit Card,Returned
T764,2025-09-29,C207,Ryan Garcia,AU,P92,Books,1,115.79,PayPal,Returned
T765,2025-09-22,C57,Mrs. Heather Perez,UK,P154,Clothing,3,433.15,Debit Card,Returned
T766,2025-10-15,C236,Joshua Moreno,DE,P28,Home,3,86.5,PayPal,Returned
T767,2025-09-13,C98,Robert Olson,IN,P77,Home,3,428.93,Credit Card,Returned
T768,2026-02-20,C253,Mrs. Kelsey Young,FR,P54,Home,3,23.24,Debit Card,Cancelled
T769,2025-07-05,C290,Jacob Wolf,US,P105,Books,5,421.68,PayPal,Completed
T770,2025-12-15,C43,Stephen Booth,IN,P72,Sports,3,253.69,Credit Card,Completed
T771,2025-10-29,C243,Troy Hicks,UK,P186,Books,3,70.8,UPI,Completed
T772,2025-09-02,C137,Jenna Williams,CA,P69,Electronics,2,103.29,Credit Card,Completed
T773,2025-10-11,C196,Donna Young,AU,P116,Home,2,252.89,Credit Card,Returned
T774,2025-09-10,C12,Russell Morgan,US,P66,Electronics,3,127.59,Debit Card,Completed
T775,2025-06-09,C215,Colleen Williams,US,P38,Books,1,121.69,PayPal,Returned
T776,2025-10-08,C240,Ms. Julie Moody,AU,P105,Electronics,1,340.01,Debit Card,Returned
T777,2026-04-02,C157,Troy Gray,FR,P184,Clothing,3,154.88,Credit Card,Completed
T778,2026-03-31,C289,Jessica Martin,UK,P66,Home,2,295.69,UPI,Completed
T779,2026-03-23,C180,Joseph West,DE,P107,Sports,4,444.76,Credit Card,Cancelled
T780,2026-03-09,C285,Amanda Allen,UK,P98,Home,1,209.46,PayPal,Returned
T781,2025-07-11,C32,Rodney Benton,US,P75,Sports,3,20.1,Debit Card,Cancelled
T782,2026-03-27,C266,Nathan Hernandez,DE,P36,Clothing,2,184.28,Debit Card,Cancelled
T783,2025-12-16,C252,Alejandra Baldwin,UK,P44,Home,1,71.84,PayPal,Returned
T784,2025-06-26,C124,Jean Andrews,CA,P68,Sports,5,433.03,Credit Card,Returned
T785,2025-07-15,C107,Aaron Hines,US,P141,Sports,4,95.91,PayPal,Cancelled
T786,2026-03-13,C253,Tony Robinson,IN,P170,Clothing,4,72.18,Debit Card,Cancelled
T787,2025-04-19,C237,Jacqueline Kelly,UK,P120,Sports,2,267.45,UPI,Cancelled
T788,2025-08-04,C199,Erica Turner,AU,P112,Sports,1,63.34,Debit Card,Cancelled
T789,2025-08-06,C22,Aaron Benson,IN,P84,Clothing,3,436.8,PayPal,Returned
T790,2025-04-28,C144,Keith George,US,P48,Clothing,1,117.77,UPI,Completed
T791,2025-08-23,C286,Rebecca Simmons,CA,P73,Electronics,1,60.21,UPI,Returned
T792,2025-12-21,C140,Lawrence Gonzalez,FR,P57,Home,2,108.79,Debit Card,Completed
T793,2025-07-21,C71,Sarah Casey,DE,P82,Clothing,4,357.23,Credit Card,Cancelled
T794,2025-09-29,C142,Mary Mathews,US,P3,Home,4,46.85,UPI,Completed
T795,2025-12-08,C296,Ryan Roth,UK,P8,Home,4,131.1,Debit Card,Returned
T796,2025-09-22,C50,Mary Rodriguez,CA,P184,Books,5,148.57,PayPal,Returned
T797,2025-06-28,C28,David Atkinson,CA,P56,Sports,-5,127.68,PayPal,Completed
T798,2025-07-15,C227,Sally Mitchell,FR,P27,Sports,5,279.64,Credit Card,Returned
T799,2026-03-07,C247,Larry Durham,CA,P194,Books,2,434.82,Credit Card,Completed
T800,2025-05-02,C59,Jennifer Johnson,AU,P179,Sports,4,245.21,Debit Card,Completed
T801,2025-08-26,C127,Edward Scott,FR,P25,Sports,5,426.92,PayPal,Completed
T802,2026-03-27,C87,Brian Conner,US,P54,Books,1,374.31,Credit Card,Completed
T803,2025-10-10,C241,Steven Carter,US,P105,Home,3,149.87,UPI,Completed
T804,2025-04-19,C24,Stephanie Lewis,AU,P182,Home,5,13.89,Credit Card,Completed
T805,2026-01-21,,William Willis,IN,P106,Sports,2,482.35,Debit Card,Completed
T806,2025-09-16,,Erin Fox,US,P105,Books,3,68.31,Credit Card,Returned
T807,2025-04-28,C123,Samantha Cooper,FR,P164,Electronics,4,247.4,UPI,Returned
T808,2025-06-26,C258,Dawn Carpenter,UK,P182,Clothing,4,478.79,Credit Card,Completed
T809,2026-01-03,C167,Jessica Allen,IN,P97,Sports,2,136.28,Credit Card,Completed
T810,2025-04-13,C246,Chad Griffith,DE,P127,Electronics,5,31.01,UPI,Cancelled
T811,2025-09-18,C159,Chase Larson,UK,P156,Books,4,127.4,Credit Card,Cancelled
T1,2025-09-07,C39,Fred Smith,FR,P29,Home,3,309.51,PayPal,Cancelled
T813,2025-12-18,C67,Roger Cuevas,IN,P176,Sports,4,357.7,UPI,Completed
T814,2025-12-13,C257,Travis Henry,US,P198,Home,3,375.81,UPI,Returned
T815,2025-07-03,C126,Diana Ortiz,DE,P39,Electronics,1,153.94,Credit Card,Returned
T816,2025-08-06,C93,Courtney Reed,DE,P9,Home,2,183.74,Debit Card,Completed
T817,2026-03-01,C236,Alexander Bradford,UK,P24,Home,2,212.09,PayPal,Completed
T818,2025-11-24,C18,Luis Baker,XYZ,P105,Electronics,5,73.15,Debit Card,Completed
T819,2025-08-02,C104,Aaron Reed,DE,P100,Home,5,371.44,PayPal,Returned
T820,2025-12-31,C110,Mark Barry,IN,P196,Sports,5,137.26,UPI,Completed
T821,2026-05-11 23:10:14.079383,C283,Jennifer Hill,CA,P167,Clothing,3,13.51,Debit Card,Cancelled
T822,2025-04-10,C153,Dawn Smith,FR,P122,Books,5,180.7,PayPal,Cancelled
T823,2025-04-25,C223,Brittany Herman,AU,P83,Electronics,2,318.88,Debit Card,Cancelled
T824,2025-04-29,C1,Michelle Garrett,CA,P146,Sports,1,96.37,PayPal,Returned
T825,2026-03-19,C279,Lori Martinez,FR,P144,Electronics,3,454.12,Debit Card,Returned
T826,2025-10-12,C172,Colleen Brooks,DE,P137,Clothing,4,425.88,Debit Card,Completed
T827,2026-02-11,C180,Todd Walton,AU,P28,Electronics,3,284.15,UPI,Returned
T828,2025-11-30,C28,Kimberly Murphy,FR,P136,Home,3,492.84,Credit Card,Returned
T829,2025-12-12,C103,Lisa King,XYZ,P26,Home,2,152.58,PayPal,Cancelled
T830,2025-10-31,C217,John Rivera,XYZ,P64,Books,5,167.61,UPI,Cancelled
T831,2025-12-06,C176,Michele Mendoza,US,P55,Sports,4,276.52,UPI,Cancelled
T832,2025-12-31,C292,Kevin Lee,DE,P176,Home,2,186.52,UPI,Returned
T833,2025-05-26,C176,Samantha Stout,FR,P63,Electronics,2,377.16,PayPal,Completed
T834,2025-07-10,C292,Heather Johnson,UK,P165,Electronics,4,197.61,Credit Card,Returned
T835,2025-06-30,C287,Daniel Morgan,DE,P129,Sports,1,94.77,Debit Card,Cancelled
T836,2026-03-06,C66,Miranda Peck,US,P51,Electronics,3,235.18,PayPal,Completed
T837,2025-08-06,C238,Antonio Mcdonald,FR,P106,Electronics,3,53.82,Debit Card,Returned
T838,2025-12-08,C166,Ana Smith,FR,P28,Electronics,4,30.34,PayPal,Completed
T839,2026-01-19,C2,Jeffery Valdez,UK,P70,Sports,3,228.18,UPI,Cancelled
T840,2026-03-19,C190,Lauren Johnson,IN,P14,Books,4,160.74,Debit Card,Returned
T841,2026-01-03,C12,Mary Jones,US,P84,Books,4,296.65,Debit Card,Cancelled
T842,2026-03-27,C262,Dustin Gregory,DE,P191,Electronics,5,406.71,Debit Card,Completed
T843,2025-06-25,C290,Mr. Steven Valencia,DE,P37,Electronics,4,170.42,PayPal,Returned
T844,2026-05-11 23:10:14.079383,C233,Amanda Thornton,AU,P190,Clothing,5,177.13,Credit Card,Cancelled
T845,2026-01-14,C91,Erin Walker,FR,P159,Clothing,2,242.38,UPI,Returned
T846,2025-12-03,C54,Joyce Morrison,FR,P58,Sports,4,434.82,Debit Card,Returned
T847,2025-05-31,C247,Elizabeth Howard,UK,P41,Sports,3,236.55,PayPal,Returned
T848,2025-08-18,C10,Jacob Williams,FR,P7,Books,2,221.64,PayPal,Returned
T849,2025-07-24,C241,Jocelyn Scott,DE,P53,Home,2,285.32,UPI,Cancelled
T850,2025-04-15,C138,Ashley Mueller,UK,P14,Books,5,358.34,PayPal,Returned
T851,2025-07-01,C238,Melanie Ballard,US,P119,Electronics,2,475.36,UPI,Completed
T852,2026-03-27,C36,Tammy Willis,UK,P115,Books,5,255.21,PayPal,Cancelled
T853,2026-02-06,C93,Hannah Thomas,IN,P93,Books,3,56.23,PayPal,Completed
T854,2026-01-08,C124,Jacqueline Baker,UK,P129,Home,1,440.49,Credit Card,Cancelled
T855,2026-05-11 23:10:14.079383,C38,John Franco,UK,P105,Books,5,462.63,PayPal,Returned
T856,2025-08-12,C36,Joshua Bates,DE,P139,Clothing,1,276.74,Debit Card,Cancelled
T857,2026-01-16,C125,Christina Farmer,US,P93,Books,2,-56.871050310721884,PayPal,Cancelled
T858,2025-06-29,C34,Kimberly Jackson,UK,P20,Home,2,386.99,PayPal,Cancelled
T859,2025-09-07,C200,David Bautista,IN,P168,Books,5,306.27,UPI,Completed
T1,2025-12-12,C31,William Harrington,DE,P7,Clothing,1,204.06,Debit Card,Returned
T861,2026-04-06,C210,Mckenzie Mckee,US,P82,Electronics,4,67.27,Credit Card,Completed
T862,2025-06-03,C216,Cynthia Bass,US,P106,Sports,1,440.71,UPI,Cancelled
T863,2026-01-12,C65,John Callahan,IN,P102,Electronics,1,200.21,Credit Card,Completed
T864,2026-03-18,C9,Kimberly Moss,DE,P24,Books,3,99.24,PayPal,Returned
T865,2026-01-14,C130,Lisa Murray,US,P104,Home,2,12.12,Credit Card,Returned
T866,2025-11-29,C235,Fernando Brown DDS,US,P192,Electronics,5,61.67,Debit Card,Cancelled
T867,2025-07-05,C104,Eduardo Mcbride,DE,P125,Sports,3,399.34,Credit Card,Completed
T868,2025-11-05,C80,David Good,IN,P29,Clothing,1,160.78,UPI,Completed
T869,2026-03-23,C293,Patrick Spencer,CA,P47,Clothing,4,-78.50978941876588,PayPal,Completed
T870,2025-12-26,C22,Jonathan Novak,FR,P6,Electronics,4,133.5,PayPal,Completed
T871,2025-10-19,C10,Michaela Davis,CA,P125,Books,5,378.71,Credit Card,Completed
T872,2025-09-05,C158,Edward Adams,US,P6,Electronics,5,234.65,UPI,Cancelled
T873,2026-03-25,C170,Melissa Lopez,UK,P131,Clothing,4,344.26,UPI,Completed
T874,2025-04-22,C145,Zachary Jones,FR,P13,Clothing,1,167.28,PayPal,Completed
T875,2025-10-06,C33,Mitchell Deleon,CA,P10,Electronics,-5,30.35,Credit Card,Returned
T876,2026-03-20,C30,Victor Martinez,FR,P86,Electronics,4,13.06,Credit Card,Completed
T877,2026-02-21,C273,Jeffrey Matthews,DE,P169,Home,4,383.66,Credit Card,Returned
T878,2025-09-30,C71,Grant Sanchez,AU,P19,Electronics,5,143.25,PayPal,Returned
T879,2025-06-19,C129,Dr. Elizabeth Davis DVM,UK,P185,Clothing,5,42.74,Debit Card,Cancelled
T880,2026-02-02,C189,Amanda Mccall,US,P7,Books,4,421.74,PayPal,Returned
T881,2025-05-08,C2,Rachel Johnson,DE,P102,Home,-2,462.12,PayPal,Completed
T882,2025-09-24,C217,Tommy Lewis,AU,P150,Home,4,255.37,UPI,Completed
T883,2025-07-19,C261,Taylor Flores,CA,P20,Books,1,497.25,PayPal,Completed
T884,2026-03-13,C262,Peter Hall,US,P182,Books,1,461.06,UPI,Completed
T885,2025-08-07,C141,Angel Newman,CA,P147,Clothing,1,458.8,UPI,Completed
T886,2025-07-26,C190,Julie Snow,CA,P159,Home,5,438.48,PayPal,Cancelled
T887,2026-03-18,C298,Erik Perez,FR,P87,Books,5,60.86,PayPal,Completed
T888,2025-10-17,C244,Terry Flores,UK,P155,Home,5,312.3,PayPal,Returned
T889,2025-08-26,C269,Brittany Mendez,AU,P56,Electronics,3,250.54,Credit Card,Cancelled
T890,2025-09-20,C26,Carol Price,FR,P136,Sports,-4,-52.29492489131836,UPI,Returned
T891,2025-10-30,C70,Paul Harris,UK,P110,Books,5,35.41,UPI,Returned
T892,2025-12-01,C151,Justin Hernandez,FR,P109,Electronics,1,246.41,PayPal,Returned
T893,2025-05-06,C249,Anthony Bowers,UK,P162,Home,1,35.26,Credit Card,Returned
T894,2025-10-18,C88,Howard Diaz,IN,P4,Home,5,403.41,Debit Card,Cancelled
T895,2026-01-14,C125,Kelly Dalton,US,P14,Books,3,355.26,PayPal,Returned
T896,2025-09-01,C46,Carrie Green,AU,P155,Home,1,89.37,Credit Card,Cancelled
T897,2025-11-21,C108,Jonathan Marsh,FR,P104,Books,2,237.54,PayPal,Completed
T898,2025-05-01,C68,Spencer Rose,CA,P143,Home,1,67.76,PayPal,Completed
T899,2026-03-11,C150,Gregory Hickman,FR,P46,Electronics,2,313.76,Debit Card,Returned
T900,2026-03-18,C86,Kendra Collins,AU,P23,Home,2,127.36,PayPal,Returned
T901,2026-01-17,C101,Brent Bennett,XYZ,P195,Books,4,274.08,Credit Card,Returned
T902,2026-01-19,C99,Bradley Carson,CA,P116,Electronics,4,315.04,UPI,Cancelled
T903,2025-06-02,C132,Dan Ross,FR,P56,Clothing,1,329.45,PayPal,Cancelled
T904,2026-01-19,C99,Elizabeth Stevens,UK,P74,Home,3,291.4,Debit Card,Completed
T905,2025-07-10,C210,Caleb Nielsen,IN,P198,Sports,2,-78.8055659597119,Debit Card,Returned
T906,2025-09-24,C166,Julie Martin,CA,P90,Sports,3,126.1,Credit Card,Cancelled
T907,2025-05-05,C200,Benjamin Jones,US,P114,Books,1,181.73,Debit Card,Returned
T908,2025-05-29,C255,Angela Vance,DE,P78,Sports,4,380.71,UPI,Returned
T909,2025-11-26,C242,Jeanne Vega,US,P18,Electronics,1,483.4,Debit Card,Cancelled
T910,2025-11-28,C276,Stacey Montes,AU,P154,Sports,5,478.63,Debit Card,Cancelled
T911,2025-09-16,C117,Jessica Smith,DE,P50,Sports,5,134.17,UPI,Cancelled
T912,2026-02-13,C174,Laura Williams,IN,P34,Books,2,51.05,UPI,Returned
T913,2026-02-06,C119,Diane Dyer PhD,IN,P141,Books,4,377.55,PayPal,Cancelled
T914,2025-06-03,C97,Samantha Kelley,IN,P25,Books,1,103.74,Credit Card,Completed
T915,2025-08-13,C129,Jamie Sanders,CA,P99,Sports,2,279.62,Debit Card,Completed
T916,2025-08-23,C74,Kristen Farmer,US,P142,Books,5,24.5,Debit Card,Returned
T917,2025-06-15,C212,Angela Henry MD,UK,P150,Electronics,2,49.07,Debit Card,Completed
T918,2026-02-16,C86,Chelsea Mejia,IN,P198,Electronics,3,254.16,Credit Card,Completed
T919,2025-10-06,C59,Frank Everett,US,P93,Electronics,4,15.32,Debit Card,Returned
T920,2025-07-08,C111,Karen Moore,AU,P126,Books,5,347.61,Credit Card,Completed
T921,2026-03-17,C12,Vanessa Elliott,AU,P19,Sports,1,230.57,UPI,Returned
T922,2025-08-11,C192,Michael Winters,UK,P120,Clothing,1,467.2,UPI,Returned
T923,2025-05-02,C174,Steve Cruz,UK,P20,Electronics,5,35.96,Debit Card,Completed
T924,2025-10-27,C110,Michael Moses,US,P17,Clothing,2,342.54,PayPal,Completed
T925,2025-12-02,C300,Jesus Rowland,US,P106,Clothing,3,143.85,Debit Card,Returned
T926,2025-08-26,C235,April Hernandez,IN,P22,Books,1,413.97,Credit Card,Returned
T927,2025-06-21,C113,Laura Cole,AU,P101,Books,5,245.34,Credit Card,Cancelled
T928,2026-03-03,C37,Steven Rodriguez,IN,P104,Books,1,435.86,Debit Card,Cancelled
T929,2025-04-21,C11,Erika Short,DE,P37,Home,5,383.49,UPI,Cancelled
T930,2025-11-16,C59,Allison Tran,DE,P136,Clothing,5,402.77,UPI,Completed
T931,2025-09-22,C206,Patrick Morris,IN,P147,Home,1,244.9,Debit Card,Returned
T932,2025-09-13,C188,Michael Miller,US,P78,Electronics,5,108.52,Debit Card,Completed
T933,2026-03-28,C280,Brittany Curry,AU,P149,Books,2,313.53,PayPal,Completed
T934,2025-09-25,C63,Erica Cummings,FR,P166,Electronics,5,46.3,Credit Card,Completed
T935,2025-10-11,C283,Morgan Owens,IN,P138,Home,2,479.94,Debit Card,Returned
T936,2025-05-31,C235,Patrick Patel,UK,P86,Home,3,237.94,PayPal,Cancelled
T937,2025-08-08,C284,Susan Heath,IN,P51,Sports,4,410.4,Credit Card,Cancelled
T938,2025-07-20,C153,Anthony King,IN,P80,Home,5,240.87,Debit Card,Completed
T939,2025-10-11,C286,Kelly Johnson,FR,P126,Books,1,412.15,PayPal,Cancelled
T940,2026-03-18,C3,Robert Foster,FR,P74,Electronics,3,421.94,UPI,Completed
T941,2025-11-03,C151,Christine Silva,US,P99,Sports,1,418.77,PayPal,Cancelled
T942,2025-05-04,C11,Brian Sanders,AU,P40,Electronics,2,382.88,Credit Card,Cancelled
T943,2025-12-10,C104,Meghan Baker,DE,P13,Clothing,2,488.9,UPI,Completed
T944,2025-12-06,C28,Kelsey Thomas,DE,P54,Home,3,285.88,Debit Card,Returned
T945,2025-09-18,C113,Jeff Harper,DE,P144,Clothing,2,252.5,Credit Card,Returned
T946,2025-05-10,C26,Audrey Fuentes DDS,AU,P59,Clothing,2,229.38,Debit Card,Completed
T947,2025-07-02,C114,Katherine Thomas,AU,P122,Books,1,22.54,PayPal,Cancelled
T948,2026-03-13,C110,Daniel Smith,FR,P169,Clothing,3,23.72,PayPal,Cancelled
T949,2025-04-22,C75,Jessica Johnson,CA,P13,Clothing,4,102.17,Debit Card,Cancelled
T950,2026-04-03,C215,Cody Romero,AU,P139,Home,5,62.16,Credit Card,Cancelled
T951,2026-03-25,C226,William Moore,DE,P136,Clothing,4,104.71,Debit Card,Cancelled
T952,2025-07-20,C7,Jessica Wilson,IN,P169,Sports,4,344.54,UPI,Cancelled
T953,2025-08-22,C176,Christopher Thompson,FR,P82,Electronics,3,115.49,Debit Card,Cancelled
T954,2025-06-14,C96,Jennifer Schaefer,CA,P31,Home,4,64.92,Debit Card,Cancelled
T955,2025-06-08,C193,Miss Brandy Browning,FR,P30,Sports,2,354.82,UPI,Returned
T956,2025-07-01,C228,Patricia Adams,IN,P140,Sports,5,198.23,Debit Card,Cancelled
T957,2026-01-26,C28,Laurie Johnston,IN,P41,Electronics,3,138.98,UPI,Returned
T958,2026-01-27,C71,Jeffrey Smith,UK,P39,Clothing,4,362.01,Credit Card,Completed
T959,2026-05-11 23:10:14.079383,C247,Chris Maldonado,US,P75,Clothing,4,498.82,UPI,Cancelled
T960,2025-10-21,C107,Timothy Miller,DE,P159,Books,3,402.54,UPI,Completed
T961,2025-07-06,C257,Tara Meyer,IN,P67,Home,2,366.39,Debit Card,Completed
T962,2025-04-17,C208,Natalie Mitchell,IN,P105,Electronics,2,217.61,Credit Card,Returned
T963,2026-04-01,C106,Miranda Edwards,IN,P49,Sports,5,372.75,UPI,Cancelled
T964,2025-05-29,C65,Thomas Jones,DE,P156,Home,4,107.59,PayPal,Cancelled
T965,2025-11-06,C233,Joe Hernandez,CA,P173,Sports,4,287.63,Debit Card,Cancelled
T966,2025-06-27,C211,William Callahan,US,P49,Home,2,230.19,UPI,Returned
T967,2025-10-24,C278,Natalie Mccall,US,P50,Sports,5,67.21,PayPal,Cancelled
T968,2026-04-05,C107,Steven Curry,FR,P189,Electronics,5,478.94,PayPal,Completed
T969,2026-01-15,C276,Craig Perez,DE,P35,Electronics,4,137.01,UPI,Cancelled
T970,2025-06-07,C245,David Young,US,P116,Sports,5,472.36,UPI,Cancelled
T971,2026-03-15,C144,Caitlin Robertson,AU,P79,Sports,4,346.51,Debit Card,Completed
T1,2025-04-10,C229,Jennifer Woods,UK,P19,Clothing,2,290.55,PayPal,Returned
T973,2025-06-05,C115,Jeremiah Sampson,UK,P165,Sports,4,217.42,PayPal,Cancelled
T974,2025-06-02,C285,Christopher Ali,CA,P131,Clothing,3,227.88,PayPal,Returned
T975,2025-10-12,C137,Deborah Pitts,IN,P130,Electronics,5,144.64,PayPal,Completed
T976,2025-07-09,C19,Amanda Levine,DE,P53,Books,4,371.0,Credit Card,Cancelled
T977,2025-08-09,C215,Mark Thompson II,CA,P45,Clothing,1,158.83,Credit Card,Returned
T978,2026-03-25,C63,Jerry Smith Jr.,AU,P9,Electronics,2,56.53,UPI,Completed
T979,2026-01-14,C106,Ryan Collins,CA,P55,Sports,2,223.94,PayPal,Cancelled
T980,2025-06-14,C134,Christopher Reyes,US,P24,Books,2,183.16,Debit Card,Cancelled
T981,2025-11-27,C211,Hannah Lyons,IN,P158,Clothing,1,366.79,Credit Card,Cancelled
T982,2025-12-12,C87,Joseph Ruiz,AU,P183,Clothing,1,176.03,Credit Card,Returned
T983,2025-11-01,C147,Jim Harrington,FR,P160,Sports,5,136.04,PayPal,Returned
T984,2026-01-31,C26,Jeff Lee,FR,P187,Sports,5,397.81,Debit Card,Cancelled
T985,2026-03-20,C40,Charlotte Anderson,AU,P59,Sports,5,364.33,Credit Card,Returned
T986,2025-06-02,C36,Becky Moore,FR,P102,Electronics,5,333.41,UPI,Completed
T987,2025-04-11,C297,Kenneth Marshall,US,P133,Home,4,121.75,Debit Card,Returned
T988,2025-09-30,C120,Alexandra Berry,DE,P92,Books,5,67.1,PayPal,Returned
T989,2025-05-22,C176,Kimberly Marquez,DE,P83,Books,2,18.71,PayPal,Completed
T990,2025-12-31,C201,Christopher Hoffman,AU,P32,Home,3,103.63,PayPal,Returned
T991,2025-10-23,C286,Timothy Rogers,US,P35,Electronics,4,73.8,UPI,Returned
T992,2025-09-25,C153,Leslie Reeves,DE,P79,Clothing,3,463.58,Credit Card,Cancelled
T993,2025-08-16,C297,Brandy Crawford,XYZ,P2,Home,3,463.92,Credit Card,Completed
T994,2025-10-10,C275,Monica Anderson DDS,CA,P69,Electronics,4,216.78,UPI,Cancelled
T995,2026-03-09,C108,Jessica Carpenter,UK,P78,Clothing,4,258.17,Credit Card,Completed
T996,2025-06-24,C182,Erika Smith,US,P64,Sports,4,269.56,UPI,Returned
T997,2025-11-01,C51,John Daniel,CA,P99,Clothing,5,237.34,UPI,Returned
T998,2026-03-04,,Kristi Williams,FR,P104,Electronics,2,406.49,Debit Card,Completed
T999,2026-01-28,C201,John Smith,DE,P3,Sports,1,315.62,Debit Card,Completed
T1000,2026-01-20,C177,Jenna Jones,XYZ,P136,Books,3,430.65,PayPal,Cancelled
